COIN,PRICE,CHG 24H,MKT CAP,FDV,VOL 24H,OPEN INTEREST,OI CHG 24H,OI CHG 24H,OI CHG 4H,OI CHG 4H,OI SHARE,OI / VOL24H,OI / MKTCAP,VOL24H / MKTCAP,FR AVG,PFR AVG,FR AVG OI_W,PFR AVG OI_W,LIQS. 24H,SHORT LIQS. 24H,LONG LIQS. 24H,LIQS. 24H / VOL 24H,LIQS. 24H / OI,NR CONTRS,L/S RATIO (1H),LONG (1H),SHORT (1H),L/S RATIO (1D),LONG (1D),SHORT (1D),BTC CORR. 30D,BTC CORR. 7D,ETH CORR. 30D,ETH CORR. 7D,CHART 24H,CHART 7D,CHART 30D,FUT / SPOT VOL RATIO >4 TRAP,BUYSELLVOL >0.2 PUMP,CORE TRIO 1 > 15,CORE TRIO 2 < -15,CORE TRIO 3 > 10,CVD DIV : DUMP=<-0.1 AND PUMP= >0.1,SPOT CVD SLOPE 25M,CVD SPOT LED DIVERG,DAILY SPOT ACCUMULATION,EXIT : LEVERAGE EXHAUSTION RATIO > 1.5,OI SCORE <0 = PUMP OVER,SPOT CVD DIVERGENCE LEAD>2,< -1 = PUMP OVER,EXPLOSIVE BREAKOUT >0.5 = BREAKOUT,FUNDING RATE ANOMALY,HEALTHY LEVERAGE GROWTH > 0.05,HOURLY BID-SIDE PRESSURE,HOURLY VOLUME PERSISTENCE,SPOT ACCUMULATION 12HR,HTF STEALTH ACCUMULATION BREAKOUT > 8,HTF VOLUME-WEIGHTED OI BREAKOUT,SPOT CVD ACCELERATION DOWN,LAYER 1:SUSTAINED OI GROWTH PT1 > 15,LAYER 1 STEALTH PT2 : OI GROWTH IN CONSOLIDATION > -5,LAYER 1:SUSTAINED OI GROWTH PT3 <5,LAYER 1 : SPOT CVD VS. PRICE DIVERGENCE >10,LAYER 2 BID-SIDE PRESSURE > 1.5,LAYER 2 : VOLUME PERSISTENCE PRE-BREAKOUT > 2,>+2 = LONG REVERSAL SOON,LTF MOMENTUM IGNITION,LTF MOMENTUM IGNITION SCORE > 3.5,NIHILUS 2> 1.4,NIHILUS 3> 2,NIHILUS VOL 1 > 2,OI PRICE CORR( +VE = PUMP),OI FUEL 1HR CHANGE,"OI FUEL ≥2.2 =EXPLOSION ,1.4–2.1=TREND , <1.4 SKIP",OI MULTI-TF SCORE,OI UNWIND : > 0= CASCADE DUMP STARTING,PRED FR CHANGE 1HR,PRICE CHG 15 M,SPOT-LED COMMITMENT SCORE >2,SPOT VOLUME EXPANSION,STEALTH ACCUM >5,OI CHANGE 20H > 10,PRICE CHANGE 20H < 0.05,STEALTH OI ACCUM>4,SUSTAINED OI GROWTH,SELL DOM >0.55,VOL SPIKE > 500
RENDER RENDER,$3.61,'+3.00%,$1.9b,n/a,$43.7m,$54.6m,'+5.72%,$2.9m,-0.60%,$-329.3k,0.45%,1.249,0.029,0.023,'+0.0047%,'+0.0045%,'+0.0040%,'+0.0074%,$19.8k,$12.7k,$7.0k,0.0005,0.0004,8,3.12,75.74%,24.27%,2.93,74.56%,25.45%,'+0.73,'+0.65,'+0.79,'+0.69,,,,3.1291,0.6243,40.1263k,337.0867,0.4894,0.0005,99.5457,-17.8960,241.6330,0.6833,0.3013,0.1905,18.3944,656.1754,0.0031,-0.6504,1.0423,0.7661,40.1263k,1.5376k,-0.6578,-22.7336,3.1934,0.7991,0.7991,-54.0565,1.0423,1.0126,0.9582,14.1720,1.3024,7.7538,0.0522,0.4563,0.1671,-0.6504,7.7538,-0.3866,-0.0194,-40.9670,0.1476,0.0522,1.1432,-0.7451,3.7432,0.0386,-6.6504,6.2236,0.4341,-18.8575
DeXe DEXE,$12.14,'+32.46%,$695.1m,n/a,$62.9m,$29.0m,'+49.45%,$9.6m,'+5.31%,$1.5m,0.24%,0.461,0.042,0.091,'+0.0241%,'+0.0307%,'+0.0057%,'+0.0058%,$145.3k,$83.0k,$62.3k,0.0023,0.0050,4,0.82,45.07%,54.93%,0.81,44.67%,55.33%,'+0.05,'+0.72,-0.47,'+0.71,,,,5.9171,0.6279,13.0312k,75.0779,7.9910,0.0002,99.1488,-35.0689,1.6843,1.5335,-2.6496,13.0691,45.4580,166.0149,0.0247,3.0452,1.0157,1.1295,13.0312k,2.9513k,6.1316,-3.7691,42.9894,23.7222,23.7222,-17.4214,1.0157,2.2406,-5.7253,-1.1203,-0.1858,-14.3824,3.2790,0.8883,0.4635,3.0452,-14.3824,1.7745,-0.3756,35.5676,0.0876,3.2790,5.3302,-4.1376,16.1607,0.1418,3.0452,28.2848,0.4793,-8.3578
Injective Protocol INJ,$12.61,'+2.37%,$1.2b,n/a,$87.6m,$84.4m,'+2.21%,$1.8m,-0.72%,$-615.0k,0.69%,0.963,0.068,0.071,'+0.0118%,'+0.0114%,'+0.0102%,'+0.0101%,$58.0k,$54.7k,$3.3k,0.0007,0.0007,12,2.17,68.45%,31.55%,2.11,67.81%,32.19%,'+0.63,'+0.90,'+0.91,'+0.94,,,,6.2769,0.1050,12.4040k,-25.9465,-0.2811,0.0010,99.9995,5.0309,207.4025,-0.7277,0.4563,9.1732,4.6051,3.5128k,0.0120,-0.6488,1.0168,0.9690,12.4040k,360.2251,-0.8169,-397.2527,-0.0326,3.7069,3.7069,-10.4368,1.0168,1.2927,1.1116,8.2846,1.3896,-0.0085,1.5353,0.4921,-0.0949,-0.6488,-0.0085,-0.2446,0.0354,-9.5363,-0.0595,1.5353,0.7409,-0.8629,1.5609,0.0296,-6.6488,-6.0696,0.4949,-10.5199
XDC Network XDC,$0.08,'+0.55%,$1.3b,n/a,$766.8k,$4.8m,'+2.58%,$121.1k,-1.15%,$-56.0k,0.04%,6.280,0.004,0.001,'+0.0100%,'+0.0100%,'+0.0100%,'+0.0100%,$61.10,$61.10,$n/a,0.0001,0.0000,2,2.02,66.94%,33.06%,1.86,64.99%,35.01%,'+0.07,'+0.67,'+0.51,'+0.59,,,,2.0617,5.5271,12.0196k,-34.3195,0.1983,0.0009,21.6039,-31.3073,-4.9405,0.1072,-0.0154,2.7434,34.0360,-375.8362,0.0100,-0.0647,0.8828,0.7066,12.0196k,616.3655,-0.0349,8.9310,5.9328,-0.4420,-0.4420,14.7990,0.8828,0.5151,0.0500,152.0353,0.5119,96.2645,3.4242,0.3628,0.0749,-0.0647,96.2645,-0.2213,-0.0635,0.0000,0.0114,3.4242,0.2639,-0.0649,2.9541,0.0154,-6.0647,3.3175,0.5419,-69.0744
Threshold T,$0.02,'+2.21%,$157.7m,n/a,$1.8m,$4.7m,'+1.84%,$85.0k,-0.45%,$-21.1k,0.04%,2.620,0.030,0.011,'+0.0067%,'+0.0075%,'+0.0070%,'+0.0073%,$1.8k,$1.1k,$694.50,0.0010,0.0004,5,1.86,65.09%,34.92%,1.93,65.89%,34.11%,'+0.57,'+0.16,'+0.87,'+0.17,,,,5.7084,-2.3113,3.5848k,74.2320,0.3522,0.0004,91.0860,11.4809,-24.5089,-0.6394,0.5921,-1.3874,-12.2671,16.2568k,0.0131,-0.8995,1.0050,1.1222,3.5848k,919.5761,-1.0701,n/a,2.1752,0.0773,0.0773,-19.6393,1.0050,1.2127,1.5006,1.4484,0.7099,-5.2013,-0.7267,0.2631,-0.1234,-0.8995,-5.2013,-0.4426,0.0720,-18.2160,-0.0514,-0.7267,0.5996,-1.2609,2.0307,0.0253,-6.8995,4.7969,0.4842,-51.4003
Alchemist AI ALCH,$0.06,-4.97%,$51.8m,$60.9m,$6.7m,$31.8m,-5.27%,$-1.8m,'+0.62%,$195.5k,0.26%,4.722,0.614,0.130,'+0.0257%,'+0.0284%,'+0.0101%,'+0.0216%,$11.3k,$1.1k,$10.2k,0.0017,0.0004,6,1.43,58.80%,41.20%,1.46,59.29%,40.72%,'+0.24,'+0.62,'+0.76,'+0.52,,,,22.7925,-0.5593,3.4788k,n/a,-1.5044,-0.0143,31.0474,-16.8012,n/a,-10.5693,0.3130,-21.1568,-4.0392,296.4048,0.0211,-0.3403,1.2037,0.7334,3.4788k,-6.0088,-0.2735,-572.1449,-6.5882,-5.3261,-5.3261,2.7857k,1.2037,0.7881,0.6567,-10.4592,0.9042,-27.2394,-1.0185,0.2512,-0.6125,-0.3403,-27.2394,0.1913,0.3460,-2.9276,-0.2674,-1.0185,0.0980,-0.4404,-4.9209,0.0537,-6.3403,2.3982,0.4465,34.7029
Resolv RESOLV,$0.11,'+3.25%,$36.2m,$110.6m,$18.1m,$12.7m,'+0.70%,$88.7k,-2.36%,$-307.9k,0.10%,0.702,0.352,0.500,0.00%,-0.02%,0.00%,-0.01%,$16.8k,$6.3k,$10.5k,0.0009,0.0013,7,1.86,65.01%,35%,1.90,65.53%,34.47%,'+0.31,-0.03,'+0.79,'+0.00,,,,11.6590,-2.2120,3.2652k,-12.6313,-1.1196,-0.0002,88.8658,52.7727,-33.8556,14.9332,1.6366,2.8335,-48.2697,38.4745,0.0061,-3.2766,0.8567,1.3144,3.2652k,59.3138,-4.4290,-5.6987,-4.2086,-2.6929,-2.6929,-53.4012,0.8567,1.4010,4.9460,-1.2984,0.9135,-1.9909,0.4143,0.4983,-1.4061,-3.2766,-1.9909,-2.3976,0.9155,123.9111,-0.4952,0.4143,0.7328,-6.0636,3.2777,0.0579,5.7234,-5.6493,0.5745,-61.8155
BounceBit BB,$0.20,'+6.59%,$81.4m,n/a,$40.3m,$16.7m,'+18.58%,$2.6m,'+6.48%,$1.0m,0.14%,0.414,0.205,0.494,0.00%,0.00%,0.00%,-0.01%,$96.8k,$48.2k,$48.6k,0.0024,0.0058,6,1.44,59.03%,40.98%,1.42,58.67%,41.33%,'+0.12,-0.71,-0.40,-0.67,,,,3.8530,0.5641,3.1677k,-75.7034,15.0810,0.0002,90.5163,n/a,-70.2554,-0.7585,-4.4432,18.6746,n/a,147.2716,0.0104,6.8805,0.8914,2.5304,3.1677k,2.1697k,20.8348,18.9603,-20.0250,-2.0757,-2.0757,-81.6919,0.8914,3.7984,-11.3920,1.2706,1.7188,3.2802,9.7095,0.4651,1.2825,6.8805,3.2802,4.0228,-0.5103,-105.0937,0.7682,9.7095,5.9230,-13.4722,14.7986,0.0752,-11.1195,-3.1964,0.4808,29.5371
RSS3 RSS3,$0.04,'+2.56%,$32.0m,n/a,$139.7k,$831.1k,'+0.99%,$8.1k,'+0.22%,$1.8k,0.01%,5.947,0.026,0.004,'+0.0100%,'+0.0100%,'+0.0100%,'+0.0100%,$0.00,$n/a,$n/a,0.0000,0.0000,2,2.23,69.07%,30.93%,2.30,69.71%,30.29%,'+0.38,'+0.59,'+0.82,'+0.67,,,,0.3136,-0.1574,3.0824k,25.8324,-0.4922,-1.1437,31.9343,2.4538,17.0862,2.9624,-0.4423,1.8250,-1.0673,-202.0402,0.0100,-0.3750,1.4854,0.5753,3.0824k,631.3773,-0.1145,4.5447,-2.5655,0.8418,0.8418,-58.8669,1.4854,0.2856,-0.0635,4.7310,3.7021,n/a,0.0729,0.2425,0.3541,-0.3750,n/a,-0.1224,-0.0445,0.0000,0.3094,0.0729,1.0930,-0.5673,0.7948,0.0214,-6.3750,1.5878,0.4080,2.8225k
Coin98 C98,$0.06,'+28.10%,$60.6m,n/a,$197.6m,$13.9m,'+108.13%,$7.2m,-7.10%,$-1.1m,0.11%,0.070,0.229,3.260,'+0.0217%,-0.01%,'+0.0101%,-0.01%,$766.7k,$256.1k,$510.6k,0.0039,0.0552,5,2.05,67.18%,32.83%,3.07,75.44%,24.56%,'+0.65,'+0.64,'+0.73,'+0.68,,,,4.2568,-0.1082,2.9428k,-100.0000,93.7569,-0.0003,6.8441,90.2123,204.0746,14.6003,-0.9811,-10.7842,-101.9930,-39.9818,0.0014,1.6505,0.9422,2.8403,2.9428k,2.4067k,0.7452,2.0640,97.6120,30.9285,30.9285,357.2383,0.9422,0.4281,-2.6469,n/a,1.1896,n/a,-1.4942,9.1317,-3.4778,1.6505,n/a,-5.8548,2.4965,-212.7256,-1.0065,-1.4942,36.8175,0.6575,92.6694,0.3198,-4.3495,67.0997,0.5012,25.5199
USD Coin USDC,$1.00,-0.01%,$74.1b,n/a,$15.8m,$11.6m,-9.35%,$-1.2m,'+1.85%,$210.3k,0.09%,0.731,0.000,0.000,0.00%,'+0.0001%,0.00%,'+0.0001%,$778.70,$733.80,$44.90,0.0000,0.0001,6,1.52,60.30%,39.70%,1.55,60.85%,39.15%,-0.43,-0.25,-0.29,-0.24,,,,0.0073,-0.4912,2.7711k,901.2243,-5.9087,0.0002,66.0052,1.3440,172.8811,-0.0037,0.0062,-3.8291,-5.1719,369.0665k,-0.0005,0.5053,1.2743,0.7012,2.7711k,137.2179,0.5446,-4.6535,-3.2219,-0.0255,-0.0255,-51.3433,1.2743,1.0863,-0.5042,-12.3819,1.4162,-28.0007,-957.6059,0.3651,0.3693,0.5053,-28.0007,0.7458,-0.3658,-62.0019,0.0035,-957.6059,0.6077,0.5053,-5.8916,0.0001,-5.4947,-6.8922,0.5389,-12.6442
Zerebro ZEREBRO,$0.02,-0.01%,$17.5m,n/a,$3.5m,$11.8m,'+1.34%,$156.3k,-1.58%,$-189.9k,0.10%,3.406,0.677,0.199,'+0.0179%,'+0.0122%,'+0.0145%,'+0.0081%,$6.7k,$114.30,$6.6k,0.0019,0.0006,8,3.21,76.25%,23.76%,3.00,75.01%,24.99%,'+0.38,'+0.12,'+0.80,'+0.24,,,,15.4270,-2.6015,2.6701k,-100.0000,-1.2196,0.0015,17.0655,83.8437,-1.4057,-7.2490,1.7484,-14.3859,-96.4592,-39.2088,0.0384,-2.1894,0.7112,1.6134,2.6701k,863.9961,-7.1555,-25.6522,0.2043,-2.6233,-2.6233,-17.3597,0.7112,4.2271,3.9598,-26.7963,1.3989,-27.2494,-1.5058,0.1998,-0.5291,-2.1894,-27.2494,-1.4191,0.2083,-37.1582,-0.3215,-1.5058,0.8630,-5.3237,0.4178,0.0201,6.8106,1.2719,0.5938,-19.7600
Hooked Protocol HOOK,$0.12,'+23.34%,$33.5m,n/a,$16.9m,$8.4m,'+50.55%,$2.8m,'+44.33%,$2.6m,0.07%,0.496,0.250,0.505,-0.01%,0.00%,'+0.0100%,'+0.0100%,$26.3k,$15.3k,$11.0k,0.0016,0.0031,4,2.21,68.82%,31.19%,2.41,70.69%,29.32%,'+0.50,'+0.18,'+0.79,'+0.27,,,,2.9014,0.6449,2.0891k,622.0942,47.6552,0.0002,99.9998,-19.9741,-44.6786,-7.0260,-7.8981,102.4106,114.2746,636.0087,-0.0143,18.6539,1.1219,12.4728,2.0891k,261.7557,101.1793,n/a,30.9411,14.3409,14.3409,-60.5989,1.1219,9.7275,-26.7640,54.3058,6.8642,57.1927,198.3836,1.1514,25.0316,18.6539,57.1927,25.1760,-15.7364,-102.7392,8.0313,198.3836,44.1065,-47.1200,50.8745,0.1348,-11.3461,30.2086,0.4671,-4.2964
Aster ASTER,$1.82,'+7.67%,$3.0b,n/a,$2.1b,$982.8m,'+9.13%,$82.2m,'+1.19%,$11.5m,8.06%,0.471,0.325,0.692,'+0.0259%,'+0.0273%,'+0.0212%,'+0.0116%,$3.0m,$1.5m,$1.5m,0.0014,0.0030,9,3.15,75.93%,24.07%,3.32,76.85%,23.16%,n/a,-0.65,n/a,-0.54,,,,11.1060,-0.9915,1.5326k,-79.8580,11.3814,0.0000,73.7488,76.8980,-4.0084,-16.0518,0.8611,-0.8095,-76.8293,83.0046,0.0309,-1.6525,0.9643,1.3687,1.5326k,1.4530k,-2.2900,-25.5083,12.8670,-7.1032,-7.1032,-51.8561,0.9643,1.4413,2.5307,-1.1801,0.3438,-15.2480,-0.0980,n/a,-0.8367,-1.6525,-15.2480,0.5549,0.5740,-39.0511,-0.2642,-0.0980,1.3695,-2.4237,13.4131,0.1503,-7.6525,4.2816,0.5099,0.6109
Celestia TIA,$1.47,'+2.78%,$1.2b,n/a,$136.1m,$121.5m,'+2.42%,$2.9m,-1.18%,$-1.4m,1%,0.893,0.103,0.115,'+0.0093%,'+0.0097%,'+0.0096%,'+0.0077%,$108.2k,$46.4k,$61.8k,0.0008,0.0009,13,3.58,78.18%,21.82%,3.56,78.09%,21.91%,'+0.50,'+0.59,'+0.88,'+0.68,,,,5.9564,-0.9281,1.3491k,-94.1795,-0.2524,-0.0001,-0.0001,41.9327,-95.2174,-1.3197,0.9008,-47.2791,-88.2976,'-1.4306k,0.0038,-1.3446,0.9124,1.2404,1.3491k,-51.2619,-2.5635,-129.6215,16.0600,0.4109,0.4109,-97.1302,0.9124,2.0966,2.2589,-149.7772,1.4763,-104.1960,-10.3060,0.5662,-0.2266,-1.3446,-104.1960,-0.7662,0.0987,-6.7641,-0.1280,-10.3060,2.8945,-2.1805,1.4946,0.0402,-7.3446,3.8102,0.5252,-23.1049
HPOS10I HPOS10I,$0.09,-5.16%,n/a,n/a,$775.7k,$3.0m,-4.78%,$-149.1k,-4.08%,$-126.4k,0.02%,3.834,n/a,n/a,'+0.0100%,'+0.0100%,'+0.0100%,'+0.0100%,$977.20,$700.50,$276.60,0.0013,0.0003,1,2.51,71.47%,28.53%,2.16,68.39%,31.61%,'+0.38,'+0.69,'+0.17,'+0.74,,,,0.5504,-2.1130,1.3364k,-69.5738,-8.2589,0.0357,17.5744,17.3661,-62.2238,-19.2194,1.3638,-2.8040,-18.7937,130.0838,0.0100,-1.2447,0.8078,2.2512,1.3364k,1.3606k,-0.5360,-29.2759,65.4462,28.6862,28.6862,-49.1923,0.8078,0.4075,2.6211,0.2458,0.9338,-4.5971,-4.8510,0.3207,-1.3063,-1.2447,-4.5971,-1.2286,0.6631,0.0000,-0.6474,-4.8510,0.3065,-3.1391,-5.7944,0.0923,7.7553,30.3740,0.4390,-28.7460
Flux FLUX,$0.20,'+4.19%,$78.3m,n/a,$2.2m,$3.0m,'+5.14%,$144.5k,-1.15%,$-34.4k,0.02%,1.323,0.038,0.029,-0.02%,'+0.0083%,'+0.0063%,'+0.0065%,$463.60,$190.00,$273.60,0.0002,0.0002,4,2.53,71.66%,28.34%,2.44,70.97%,29.04%,'+0.53,'+0.89,'+0.85,'+0.94,,,,1.4871,-1.3561,1.3001k,-100.0000,-2.1349,-0.0029,-0.0079,57.3311,266.1783,3.1958,0.3094,-42.3525,-99.3672,'-1.5352k,-0.0146,-0.7012,0.7285,0.7791,1.3001k,-37.0004,-1.0103,-100.2970,3.9728,8.0896,8.0896,165.8371,0.7285,1.5073,1.0176,-149.4006,0.7561,-90.9024,-17.8646,0.6617,-0.2745,-0.7012,-90.9024,-0.5778,0.1246,-144.5115,-0.1501,-17.8646,0.6342,-0.8013,4.3804,0.0396,-6.7012,-1.7418,0.5824,-82.4040
MultiversX EGLD,$13.87,'+3.15%,$398.1m,n/a,$14.5m,$16.2m,'+7.65%,$1.2m,'+0.03%,$5.5k,0.13%,1.122,0.041,0.036,'+0.0087%,'+0.0093%,'+0.0099%,'+0.0100%,$13.1k,$11.1k,$2.0k,0.0009,0.0008,9,2.80,73.68%,26.32%,2.86,74.10%,25.90%,'+0.57,'+0.72,'+0.92,'+0.84,,,,5.4713,-2.2262,1.2219k,396.2337,1.9440,0.0011,14.7756,15.9391,-19.0569,-0.6733,0.5760,-13.6673,-29.0241,-254.7187,0.0060,-0.6220,0.9208,0.8154,1.2219k,69.6324,-0.6346,-8.8431,14.3636,7.8783,7.8783,-8.8468,0.9208,1.0224,1.2043,172.4762,1.2371,110.5512,-2.1614,0.5388,-0.0494,-0.6220,110.5512,1.0618,-0.0307,8.2760,-0.0801,-2.1614,1.8022,-0.9611,5.2874,0.0414,-6.6220,7.1983,0.5422,25.0521
Avail AVAIL,$0.01,'+3.17%,$46.3m,$140.3m,$299.0k,$1.3m,'+3.11%,$39.2k,-1.64%,$-21.7k,0.01%,4.354,0.028,0.006,'+0.0100%,'+0.0100%,'+0.0100%,'+0.0100%,$1.0k,$1.0k,$n/a,0.0034,0.0008,2,2.54,71.78%,28.22%,2.54,71.73%,28.27%,'+0.59,'+0.07,'+0.57,'+0.20,,,,11.3258,-3.3180,1.1758k,-18.3920,1.7245,-0.0300,94.1054,59.3220,-12.8549,-5.7400,0.4046,5.2357,-53.6713,-149.0935,0.0100,-1.0524,0.8432,1.2272,1.1758k,21.5923,-1.1601,n/a,-11.3178,-2.7634,-2.7634,-5.6667,0.8432,1.1138,1.4675,0.8893,0.2411,-4.7350,0.6576,0.0649,-0.7464,-1.0524,-4.7350,-1.0240,0.4079,0.0000,-0.3399,0.6576,0.7105,-1.2247,5.3280,0.0395,-7.0524,-7.0955,0.6245,-77.7619
Tether Gold XAUT,"$3,878.18",'+0.09%,$1.5b,n/a,$62.9m,$71.2m,-1.15%,$-829.2k,'+0.91%,$644.0k,0.58%,1.131,0.049,0.043,'+0.0059%,'+0.0054%,'+0.0079%,'+0.0099%,$16.9k,$4.8k,$12.1k,0.0003,0.0002,7,1.62,61.80%,38.20%,1.48,59.69%,40.31%,'+0.15,'+0.92,-0.49,'+0.90,,,,13.2685,1.4528,1.0461k,1.1155k,1.1611,0.0003,99.9979,-10.8700,45.0047,-0.5976,0.0310,12.5016,23.3920,4.6618k,0.0056,1.0669,1.3026,1.2862,1.0461k,n/a,2.0299,-17.6302,4.1676,2.9958,2.9958,61.0917,1.3026,2.0914,-1.0465,16.8970,2.0417,18.9111,2.1453,0.6519,1.3819,1.0669,18.9111,1.1169,-1.6530,-17.0997,-0.2666,2.1453,1.2346,1.0665,-0.9647,0.0067,-4.9331,1.2342,0.5013,31.0877
Chill guy CHILLGUY,$0.04,'+6.75%,$41.9m,n/a,$7.9m,$15.0m,'+9.85%,$1.3m,'+1.80%,$264.7k,0.12%,1.900,0.357,0.188,'+0.0365%,'+0.0220%,'+0.0385%,'+0.0198%,$12.0k,$10.9k,$1.1k,0.0015,0.0008,6,2.27,69.41%,30.59%,2.41,70.65%,29.36%,'+0.58,'+0.81,'+0.90,'+0.86,,,,11.0766,-0.8387,1.0128k,95.5360,5.4305,0.0090,25.0822,10.1403,-85.6665,-13.7809,0.7386,-13.0145,-22.4106,-87.4027,0.0494,-0.5494,0.9539,1.4245,1.0128k,800.9802,-0.6622,-37.5738,15.4818,10.0402,10.0402,-86.1835,0.9539,1.2306,1.2935,21.4965,1.0467,-3.2646,-1.1395,0.4700,-0.2849,-0.5494,-3.2646,0.3128,-0.1501,-40.8714,-0.4344,-1.1395,0.9013,-1.1031,8.5211,0.0693,-6.5494,4.4124,0.5376,6.4188
Sapien SAPIEN,$0.18,'+2.08%,$44.5m,n/a,$9.7m,$3.5m,-5.82%,$-218.1k,-7.84%,$-300.3k,0.03%,0.366,0.079,0.217,'+0.0067%,'+0.0075%,'+0.0070%,'+0.0070%,$18.4k,$15.8k,$2.6k,0.0019,0.0052,5,1.01,50.25%,49.76%,0.97,49.27%,50.73%,'+0.52,-0.67,'+0.65,-0.65,,,,3.5163,-0.2407,975.0785,-100.0000,2.5993,0.0006,11.0698,102.9644,-38.1522,32.3939,0.4039,3.3737,-99.1814,-74.9885,0.0067,-0.5686,0.8943,1.5402,975.0785,89.5080,-0.3942,48.7723,-37.6042,-17.3595,-17.3595,-73.0235,0.8943,0.6727,0.9779,-53.9336,-0.1581,-39.7743,0.8082,0.3085,-2.8482,-0.5686,-39.7743,-2.7186,1.3189,0.0000,-1.5497,0.8082,0.3771,-0.7361,-3.0660,0.1383,-6.5686,-12.9324,0.5806,115.8549
Bedrock BR,$0.08,'+2.40%,$17.1m,n/a,$3.2m,$2.2m,-1.11%,$-24.3k,'+0.09%,$2.0k,0.02%,0.682,0.127,0.186,'+0.0075%,'+0.0075%,'+0.0071%,'+0.0071%,$4.3k,$1.4k,$2.9k,0.0014,0.0020,3,2.50,71.45%,28.55%,2.66,72.71%,27.29%,'+0.49,-0.48,'+0.39,-0.41,,,,7.8173,0.5939,948.7291,19.6788,5.0161,0.0128,69.4954,27.1929,-51.9930,-4.6300,-0.3711,57.5862,30.0090,415.9330,0.0075,1.3266,0.9607,0.6963,948.7291,129.1512,2.5219,81.9691,-16.4795,5.5619,5.5619,-72.8416,0.9607,2.0893,-1.7109,-0.3633,0.2127,-3.5642,6.7527,0.5984,-0.7334,1.3266,-3.5642,0.3073,0.3068,0.0000,-0.4279,6.7527,0.1157,1.1789,4.5883,0.0661,-4.6734,-14.8970,0.4747,-71.6370
LayerZero ZRO,$2.30,'+11.50%,$255.5m,n/a,$146.9m,$68.1m,'+9.97%,$6.2m,-3.68%,$-2.6m,0.56%,0.464,0.267,0.575,'+0.0273%,'+0.0262%,'+0.0284%,'+0.0284%,$93.0k,$78.7k,$14.2k,0.0006,0.0014,10,1.87,65.15%,34.85%,1.89,65.41%,34.59%,-0.05,-0.35,-0.43,-0.21,,,,4.4958,1.2858,870.9012,331.0200,-1.1719,0.0004,99.9998,18.2188,-79.7391,6.7452,0.4936,54.5954,36.8768,204.7358,0.0175,-0.6650,1.0251,0.8381,870.9012,1.5601k,-0.5600,45.0630,56.5434,11.1583,11.1583,-78.6162,1.0251,0.8291,1.1652,25.1314,1.6824,3.1285,9.2157,1.0667,0.4255,-0.6650,3.1285,-1.4293,-0.1424,-29.4457,0.2827,9.2157,2.2332,-0.9152,8.2186,0.1393,-6.6650,10.2252,0.4575,26.2208
Skycoin SKY,$0.07,-2.60%,n/a,n/a,$34.8m,$28.7m,'+3.90%,$1.1m,-0.19%,$-54.6k,0.24%,0.827,n/a,n/a,'+0.0070%,'+0.0083%,'+0.0074%,'+0.0076%,$26.4k,$19.0k,$7.4k,0.0008,0.0009,8,1.29,56.41%,43.59%,1.49,59.76%,40.24%,'+0.48,'+0.77,'+0.83,'+0.79,,,,1.4994,2.1694,859.6417,n/a,-1.3176,0.0002,99.9990,-16.1467,-100.0000,-3.0033,0.4552,18.2828,34.8911,4.2890k,0.0075,-0.6423,1.3162,0.6055,859.6417,321.7476,-0.8753,12.3204,-1.8230,3.2922,3.2922,-100.0000,1.3162,1.4142,1.1039,2.8632,0.7058,-0.6878,16.8088,0.2505,-0.6006,-0.6423,-0.6878,-0.5775,0.3020,0.0000,-0.2995,16.8088,0.2842,-0.8553,3.4532,0.0335,-6.6423,7.8695,0.4711,-34.7141
Mubarak MUBARAK,$0.03,'+3.17%,$31.0m,$31.0m,$10.9m,$8.4m,'+4.15%,$335.1k,-3.36%,$-292.2k,0.07%,0.770,0.271,0.351,'+0.1490%,'+0.1697%,'+0.0067%,'+0.0068%,$17.6k,$4.2k,$13.4k,0.0016,0.0021,7,2.77,73.50%,26.51%,2.62,72.41%,27.59%,'+0.63,'+0.18,'+0.45,'+0.29,,,,4.2326,-2.8650,763.0974,-100.0000,0.5138,0.0009,21.6755,88.8736,-72.1724,1.2387k,1.5164,-9.5812,-96.9097,-128.3739,0.0849,-2.8814,0.9401,2.1777,763.0974,467.8787,-4.0638,-6.7433,-7.9242,-4.8913,-4.8913,-88.4134,0.9401,1.4707,4.4266,399.4325,0.9200,190.1807,-2.9272,0.1569,-1.6303,-2.8814,190.1807,-2.5747,1.0683,-41.9308,-0.5680,-2.9272,2.9649,-5.2689,3.7522,0.0598,6.1186,-0.8883,0.5843,-4.8095
Holo HOT,$0.00,'+4.04%,$161.3m,n/a,$3.2m,$4.1m,'+4.56%,$178.4k,'+1.04%,$42.1k,0.03%,1.270,0.025,0.020,0.00%,0.00%,'+0.0100%,'+0.0100%,$4.6k,$1.2k,$3.4k,0.0014,0.0011,4,2.05,67.22%,32.78%,2.03,67.04%,32.96%,'+0.53,'+0.73,'+0.90,'+0.81,,,,10.2847,0.0676,721.9028,-98.1314,0.6839,-0.0060,87.5309,n/a,-84.8973,-0.0205,0.1912,23.8317,n/a,1.5357k,0.0001,0.0995,0.9673,1.0266,721.9028,78.1815,0.1877,30.4350,13.6807,5.0381,5.0381,-88.5639,0.9673,2.0707,0.0907,-2.3185,2.2754,-0.8778,3.5229,0.5107,0.1924,0.0995,-0.8778,0.5024,-0.1740,73.0927,0.0183,3.5229,0.3256,0.0633,4.8208,0.0337,-5.9005,9.8199,0.5000,106.5183
CUDIS CUDIS,$0.06,'+4.90%,$14.1m,n/a,$8.0m,$3.1m,'+11.29%,$317.8k,'+0.65%,$20.1k,0.03%,0.393,0.221,0.563,'+0.0067%,'+0.0075%,'+0.0072%,'+0.0072%,$19.2k,$5.9k,$13.3k,0.0024,0.0061,4,1.59,61.41%,38.59%,1.50,60.01%,39.99%,'+0.41,-0.67,'+0.63,-0.74,,,,18.2517,-2.3885,664.3019,-100.0000,6.0029,0.0072,43.4370,97.3605,-65.6149,7.2431,3.5128,0.9245,-92.8720,402.8749,0.0068,-5.0675,0.9122,3.2413,664.3019,935.1210,-9.6628,-36.6393,32.8024,-36.3380,-36.3380,-97.3084,0.9122,2.0970,8.6315,-0.1851,1.6651,-9.7146,0.0923,0.1612,-3.9060,-5.0675,-9.7146,-3.6144,2.4105,0.0000,-1.5325,0.0923,3.3461,-17.7696,8.5957,0.0931,-2.0675,-5.5937,0.5555,-83.8501
Delysium AGI,$0.05,'+2.95%,$91.1m,n/a,$428.8k,$2.0m,'+6.33%,$120.7k,'+1.62%,$32.4k,0.02%,4.730,0.022,0.005,'+0.0100%,'+0.0100%,'+0.0100%,'+0.0100%,$0.00,$n/a,$n/a,0.0000,0.0000,2,2.43,70.84%,29.16%,2.87,74.17%,25.83%,'+0.53,'+0.83,'+0.69,'+0.84,,,,0.5325,-0.0147,640.6276,-45.2973,5.1744,-0.0004,22.5511,-9.3950,297.9350,1.7785,0.2588,-9.5853,0.0718,-447.5194,0.0100,-0.3344,1.0394,1.7952,640.6276,70.5789,-0.1989,-12.9263,6.2116,6.1984,6.1984,-19.9279,1.0394,0.5717,0.5965,-13.6592,0.8979,-13.3247,-9.0391,0.5774,0.5272,-0.3344,-13.3247,0.4309,-0.2960,0.0000,0.2305,-9.0391,3.0087,-0.4031,6.5881,0.0464,-6.3344,0.1408,0.5318,-19.3343
Walrus WAL,$0.41,'+2.57%,$607.3m,n/a,$8.5m,$9.9m,'+1.14%,$111.9k,-3.23%,$-330.8k,0.08%,1.159,0.016,0.014,'+0.0067%,'+0.0075%,'+0.0075%,'+0.0076%,$43.10,$43.10,$n/a,0.0000,0.0000,5,1.42,58.74%,41.26%,1.48,59.75%,40.25%,'+0.48,'+0.90,'+0.86,'+0.95,,,,5.3090,0.3039,587.3408,-44.2346,-4.0041,0.0002,67.9346,-8.7524,11.7778,0.0000,0.5118,-3.2616,6.0117,1.2088k,0.0067,-0.9121,0.9584,3.4573,587.3408,686.4596,-0.8913,-119.3844,9.8717,6.8371,6.8371,187.0590,0.9584,0.9749,1.4331,-7.0074,0.8356,-10.3423,-0.8811,0.7001,-0.1045,-0.9121,-10.3423,-0.5822,0.1045,0.0000,0.0000,-0.8811,0.7585,-1.1835,-1.4317,0.0285,-6.9121,2.1022,0.4116,65.1571
ApeX Protocol APEX,$1.84,'+12.25%,$248.8m,n/a,$101.1m,$63.2m,'+22.08%,$11.4m,'+13.75%,$7.6m,0.52%,0.625,0.254,0.407,'+0.1151%,'+0.0228%,'+0.1242%,'+0.0214%,$322.3k,$203.9k,$118.4k,0.0032,0.0051,2,2.22,68.93%,31.07%,2.26,69.33%,30.67%,-0.18,'+0.11,-0.56,'+0.28,,,,1.2122,-0.3255,583.2536,-0.1813,21.3515,0.0001,99.9997,22.4776,2.9913,19.9569,1.8110,15.0449,-5.5874,118.2716,0.0230,-3.1999,1.0639,1.9208,583.2536,593.6056,-4.3579,-18.4825,n/a,543.9041,543.9041,156.7997,1.0639,1.4130,5.0452,3.0656,1.6235,-54.0605,14.0644,n/a,0.6113,-3.1999,-54.0605,2.8015,-0.3725,-85.7457,0.2379,14.0644,1.5607,-6.6048,20.7592,0.1846,5.8001,66.5562,0.4891,-34.9764
DigiByte DGB,$0.01,'+7.64%,$148.1m,$148.2m,$643.6k,$791.7k,'+18.93%,$126.0k,-0.33%,$-2.6k,0.01%,1.230,0.005,0.004,'+0.0100%,'+0.0100%,'+0.0100%,'+0.0100%,$3.1k,$3.1k,$10.00,0.0049,0.0039,2,1.32,56.94%,43.06%,1.36,57.69%,42.31%,'+0.48,'+0.88,'+0.86,'+0.90,,,,1.1788,0.1903,577.7893,32.5157,12.2638,-0.0090,2.9453,-22.6817,-57.2842,-4.1207,0.5614,-18.0007,5.2537,-301.0354,0.0100,-1.1085,1.2484,1.0040,577.7893,327.7167,-1.4045,-17.0705,6.8734,10.5758,10.5758,-67.5157,1.2484,1.3019,1.6810,93.3865,0.3657,58.4905,-13.7576,1.0611,-0.1327,-1.1085,58.4905,-0.0133,-0.4801,0.0000,-0.6099,-13.7576,0.8271,-1.4363,11.2809,0.0690,-7.1085,8.5557,0.4220,-93.8519
Scallop SCA,$0.10,'+0.08%,$13.0m,n/a,$138.2k,$414.6k,'+0.28%,$1.1k,-0.98%,$-4.1k,0%,3.000,0.032,0.011,'+0.0100%,'+0.0100%,'+0.0100%,'+0.0100%,$0.00,$n/a,$n/a,0.0000,0.0000,2,1.68,62.66%,37.34%,1.60,61.60%,38.40%,'+0.34,'+0.54,'+0.46,'+0.68,,,,1.4483,-1.7918,572.0115,n/a,-0.4553,0.0077,50.4517,4.9983,37.0568,1.5433,0.3625,-5.3140,-9.9379,771.0284,0.0100,-1.1891,1.0671,0.5236,572.0115,433.2572,-1.4286,-14.8960,-3.9547,8.7811,8.7811,62.2574,1.0671,1.2265,1.5634,12.3640,1.3558,78.6232,-3.6596,0.1945,0.1700,-1.1891,78.6232,-0.4456,-0.0136,0.0000,0.1564,-3.6596,1.4486,-1.3292,1.6634,0.0201,-7.1891,-3.7687,0.5682,-62.4712
Iota IOTA,$0.18,'+4.75%,$740.6m,n/a,$14.0m,$19.2m,'+7.99%,$1.4m,'+1.97%,$370.8k,0.16%,1.372,0.026,0.019,'+0.0237%,'+0.5075%,'+0.0101%,'+0.0136%,$8.2k,$6.6k,$1.6k,0.0006,0.0004,8,2.57,72.01%,27.99%,2.79,73.62%,26.39%,'+0.52,'+0.85,'+0.91,'+0.88,,,,8.5958,-1.7966,571.9589,-100.0000,3.8130,0.0045,99.9940,132.7477,210.4219,-0.2310,0.2373,32.9578,-99.5797,1.2053k,0.0965,2.7324,0.9023,1.3151,571.9589,96.0926,4.8299,48.1175,10.7653,7.4547,7.4547,n/a,0.9023,1.9147,-2.5222,36.8683,2.1363,15.2344,7.9327,0.6428,2.7296,2.7324,15.2344,1.9418,-2.7673,1.7735k,-0.0368,7.9327,1.4483,2.6882,6.9047,0.0463,-3.2676,3.8243,0.5581,15.0954
Coti COTI,$0.05,'+3.12%,$110.5m,n/a,$3.3m,$7.4m,'+3.06%,$218.7k,-0.68%,$-50.3k,0.06%,2.242,0.067,0.030,'+0.0530%,'+0.0418%,'+0.0123%,'+0.0117%,$2.4k,$2.3k,$71.20,0.0007,0.0003,5,2.87,74.13%,25.87%,2.97,74.84%,25.16%,'+0.58,'+0.60,'+0.90,'+0.66,,,,9.1203,-1.8978,565.3420,-100.0000,1.9180,0.0113,99.9757,109.2426,153.0887,-20.2828,0.8309,10.0689,-98.3473,123.2417,-0.0971,0.4578,0.9231,1.1358,565.3420,1.1422k,0.8363,9.3087,9.0651,-0.4524,-0.4524,-50.1584,0.9231,1.9917,0.3686,78.4379,2.5779,25.2355,2.8260,0.2522,-0.5734,0.4578,25.2355,-0.4096,0.3099,-15.8038,-0.2643,2.8260,0.6776,-0.2251,4.2996,0.0341,-5.5422,-1.4509,0.5538,-11.3522
DODO DODO,$0.05,'+4.36%,$46.4m,n/a,$223.6k,$905.0k,-0.32%,$-2.9k,-2.05%,$-18.9k,0.01%,4.047,0.020,0.005,'+0.0100%,'+0.0100%,'+0.0100%,'+0.0100%,$7.30,$7.30,$n/a,0.0000,0.0000,2,3.28,76.63%,23.37%,2.95,74.71%,25.29%,'+0.68,'+0.68,'+0.84,'+0.79,,,,0.2461,-1.1428,554.1597,2.0810k,-2.2350,0.0506,22.8940,-9.2831,-38.8890,0.0000,0.5247,-17.2678,-7.4396,-317.6439,0.0100,-2.0446,1.1377,0.8734,554.1597,224.5684,-2.2924,-37.0433,1.6021,5.4636,5.4636,-57.8376,1.1377,1.1351,2.5897,13.6292,0.4944,3.2050,-39.7443,0.4406,-0.2043,-2.0446,3.2050,-1.6562,0.2043,0.0000,0.0000,-39.7443,1.4156,-2.3418,-0.7624,0.0472,-8.0446,-3.1561,0.4903,-96.7590
MOG Coin MOG,$0.00,'+18.51%,$331.8m,n/a,$15.6m,$783.4k,'+50.03%,$261.2k,-9.69%,$-84.1k,0.01%,0.050,0.002,0.047,'+0.2728%,-0.10%,'+0.0585%,-0.10%,$107.4k,$55.7k,$51.7k,0.0069,0.1370,4,n/a,n/a%,n/a%,n/a,n/a%,n/a%,'+0.59,'+0.88,'+0.94,'+0.90,,,,5.5955,-0.1567,539.7433,122.1346,50.3720,-0.0009,16.1429,-9.7072,-32.2591,42.2936,1.1990,-18.4701,-7.6017,'-98.0088k,0.3045,3.6890,0.9716,2.0430,539.7433,-40.9939,2.9217,-242.9374,47.6442,22.2920,22.2920,-65.3606,0.9716,0.7759,-2.5277,17.2561,3.0187,-121.8118,-4.9244,5.2930,9.9243,3.6890,-121.8118,6.7704,-8.3668,-118.0912,1.4524,-4.9244,1.4454,2.3404,53.4433,0.1839,12.6890,29.2569,0.4719,192.1621
SATS (Ordinals) SATS,$0.00,'+1.29%,$81.6m,n/a,$20.6m,$9.6m,'+0.92%,$87.6k,-0.76%,$-73.8k,0.08%,0.467,0.118,0.252,'+0.0051%,-0.03%,'+0.0099%,-0.03%,$8.6k,$5.1k,$3.5k,0.0004,0.0009,5,n/a,n/a%,n/a%,n/a,n/a%,n/a%,'+0.11,-0.55,'+0.07,-0.46,,,,29.2154,-1.1717,534.7275,-100.0000,-0.9784,0.0050,99.9826,125.3541,-55.4554,-5.4336,1.4398,26.8181,-97.0719,22.9321m,-0.0027,-2.3990,0.9542,1.0509,534.7275,208.3704,-4.1238,'-1.0385k,48.0042,14.2435,14.2435,-94.5325,0.9542,1.8521,3.8630,31.0341,0.9254,19.1936,1.0111,0.2320,-1.0231,-2.3990,19.1936,-1.4835,0.5144,176.9642,-0.5141,1.0111,3.9813,-4.5424,-2.6073,0.0283,6.6010,-0.7846,0.5167,-46.2580
Echelon Prime PRIME,$1.62,-0.76%,$89.1m,$180.0m,$436.3k,$1.1m,-11.10%,$-140.1k,-0.64%,$-7.2k,0.01%,2.572,0.013,0.005,'+0.0100%,'+0.0100%,'+0.0100%,'+0.0100%,$26.30,$n/a,$26.30,0.0001,0.0000,3,2.16,68.38%,31.62%,2.15,68.22%,31.78%,'+0.41,-0.17,'+0.87,'+0.00,,,,0.4444,-2.4050,495.1979,-97.5999,-5.9233,0.0099,99.9982,298.7388,402.4818,-4.4295,-0.9216,198.9111,-100.7411,2.5633k,0.0100,-0.8086,0.8248,1.3778,495.1979,356.9136,-2.5717,449.3618,-11.2647,-7.4800,-7.4800,-52.7433,0.8248,4.0675,-0.1048,5.2655,0.0522,-1.9668,725.4392,0.4471,-0.6378,-0.8086,-1.9668,-0.2760,0.3517,0.0000,-0.2872,725.4392,2.5877,-1.6430,-6.8465,0.0143,-6.8086,-9.5744,0.6184,-90.0930
Prometeus PROM,$9.78,'+0.66%,$178.4m,n/a,$3.6m,$11.1m,'+0.49%,$53.5k,-0.21%,$-23.8k,0.09%,3.064,0.062,0.020,'+0.0100%,'+0.0100%,'+0.0100%,'+0.0100%,$8.9k,$3.8k,$5.1k,0.0025,0.0008,3,0.92,47.92%,52.08%,0.91,47.58%,52.42%,'+0.36,-0.19,'+0.00,-0.03,,,,0.9754,0.3246,488.4982,179.4372,-0.7371,0.0066,97.6544,3.2586,12.4418k,-1.7217,0.1103,6.4206,3.2744,-58.8156,0.0100,-0.2113,0.8476,0.6328,488.4982,246.2055,-0.0968,27.0812,6.7567,1.9462,1.9462,28.9405,0.8476,0.4348,0.3236,-3.3683,1.1848,-7.8219,3.1496,0.0907,-0.2960,-0.2113,-7.8219,-0.5318,0.1499,0.0000,-0.1464,3.1496,3.9645,-0.2239,-0.1449,0.0326,-6.2113,4.0393,0.5169,-22.6011
Flamingo FLM,$0.03,'+3.49%,$14.9m,$14.9m,$4.0m,$4.3m,'+4.02%,$164.1k,'+0.75%,$31.7k,0.03%,1.055,0.285,0.270,'+0.0110%,'+0.0014%,'+0.0087%,'+0.0099%,$11.1k,$5.3k,$5.8k,0.0028,0.0026,5,3.34,76.95%,23.05%,3.34,76.95%,23.05%,'+0.66,'+0.38,'+0.87,'+0.42,,,,12.3346,-0.4297,463.7513,-100.0000,0.2005,0.0275,43.4680,n/a,-100.0000,-0.9156,0.1763,n/a,-99.6644,'-1.6817k,0.0786,0.8489,0.8556,1.0909,463.7513,-78.0374,1.6703,n/a,10.1868,-5.0962,-5.0962,-100.0000,0.8556,2.1783,-0.6811,-27.1539,2.6854,-23.9161,n/a,0.1534,0.0739,0.8489,-23.9161,0.8944,-0.1674,-92.2613,-0.0933,n/a,0.6975,0.8208,2.5663,0.0343,-5.1511,6.5114,0.5377,9.9437
BNB BNB,"$1,057.48",'+3.26%,$146.8b,n/a,$1.5b,$1.3b,'+7.61%,$90.0m,'+3.45%,$42.5m,10.43%,0.844,0.009,0.010,'+0.0001%,'+0.0096%,'+0.0019%,'+0.0032%,$1.9m,$1.7m,$180.6k,0.0013,0.0015,18,2.26,69.28%,30.72%,2.43,70.88%,29.13%,'+0.43,'+0.91,-0.16,'+0.93,,,,4.5648,-1.0525,459.6672,67.5535,5.0881,0.0000,75.8593,14.2968,24.5569,0.0028,0.2929,-8.5453,-22.5460,763.3037,-0.0008,-0.3081,1.1116,2.2452,459.6672,1.2495k,-0.4574,-122.4556,-2.2084,4.0214,4.0214,68.2200,1.1116,1.5605,0.6041,12.5026,0.8069,13.3890,-3.3247,0.5828,0.1564,-0.3081,13.3890,0.7577,-0.1130,55.6529,0.0433,-3.3247,1.3879,-0.3957,7.5568,0.0392,-6.3081,1.5931,0.4768,8.8861
Moonriver MOVR,$5.68,'+3.30%,$57.0m,n/a,$1.6m,$3.5m,'+4.41%,$149.6k,'+1.21%,$42.2k,0.03%,2.231,0.062,0.028,'+0.0529%,'+0.0580%,'+0.0119%,'+0.0121%,$314.70,$291.80,$22.90,0.0002,0.0001,4,2.08,67.59%,32.42%,2.17,68.47%,31.53%,'+0.43,'+0.64,'+0.82,'+0.71,,,,1.5785,-1.5171,444.6579,-62.6921,0.6931,0.0000,56.9753,27.2087,-8.2456,-5.2512,0.5514,-11.8460,-38.4955,831.6099,0.0638,-0.7835,1.0470,1.0575,444.6579,655.0460,-1.0451,-92.6261,-3.8935,4.0889,4.0889,-36.1770,1.0470,1.3799,1.3428,2.0546,1.0804,-24.0748,-10.6798,0.2963,-0.2168,-0.7835,-24.0748,0.1179,0.1305,0.0000,-0.0864,-10.6798,0.7464,-1.0963,4.0991,0.0369,-6.7835,-2.3978,0.4944,-16.1092
Puffer PUFFER,$0.18,'+3.88%,$36.5m,n/a,$1.5m,$5.2m,'+4.12%,$205.4k,-0.83%,$-43.7k,0.04%,3.427,0.142,0.042,'+0.0075%,'+0.0075%,'+0.0085%,'+0.0085%,$654.30,$654.30,$n/a,0.0004,0.0001,4,2.28,69.52%,30.49%,2.22,68.91%,31.09%,'+0.32,'+0.01,'+0.80,-0.01,,,,3.6119,-2.7257,440.5926,-100.0000,0.2959,0.0263,53.9120,89.3241,-59.2183,0.9055,0.3820,-10.2831,-99.2143,-6.4473,0.0075,-1.0752,0.6857,1.2413,440.5926,4.1246k,-1.1857,-17.4235,-2.0813,-1.1202,-1.1202,-19.8846,0.6857,1.1142,1.4681,118.7022,0.4771,75.3036,-2.9020,0.4986,0.1064,-1.0752,75.3036,-0.6638,0.0127,0.0000,0.1192,-2.9020,1.6722,-1.2296,3.3869,0.0516,-7.0752,-4.5902,0.6754,-49.7883
Kinto K,$0.13,'+5.52%,$96.4k,n/a,$1.7m,$1.4m,'+8.33%,$110.4k,-3.99%,$-59.8k,0.01%,0.824,14.895,18.074,'+0.0100%,'+0.0100%,'+0.0100%,'+0.0100%,$541.60,$463.70,$77.90,0.0003,0.0004,2,1.17,53.93%,46.07%,1.13,52.99%,47.01%,'+0.42,'+0.10,'+0.75,'+0.25,,,,5.0731,-0.9970,432.7447,257.7855,-0.9877,0.0072,99.9514,45.7379,161.8490,2.4654,1.9248,7.8293,-35.9893,51.5816,0.0100,0.5606,1.0414,6.9549,432.7447,426.1252,0.7680,-4.0167,-5.1797,-19.3299,-19.3299,-1.2275,1.0414,1.4227,1.3587,0.2229,0.7313,-3.2961,7.5592,0.6891,1.2326,0.5606,-3.2961,-1.2162,-0.7883,0.0000,0.4409,7.5592,0.4147,-3.1232,1.8836,0.0816,9.5606,7.4827,0.5535,-46.9705
Tranchess CHESS,$0.06,'+2.61%,$12.9m,n/a,$2.1m,$4.1m,'+0.51%,$20.6k,'+1.41%,$56.5k,0.03%,1.943,0.314,0.162,'+0.0075%,'+0.0075%,'+0.0066%,'+0.0066%,$514.50,$131.10,$383.40,0.0002,0.0001,3,3.40,77.29%,22.71%,3.45,77.52%,22.48%,'+0.38,'+0.28,'+0.86,'+0.42,,,,9.8297,1.3597,431.6136,-64.7373,-0.3426,-0.0233,31.8952,-72.5862,-83.7494,0.5310,-0.0555,0.5049,73.0381,1.6925k,0.0075,-0.2468,1.0241,1.4506,431.6136,408.7183,-0.2595,-5.1071,-2.1158,-0.2377,-0.2377,-94.8874,1.0241,1.0569,0.1939,17.2641,1.1173,65.5632,0.2625,0.1828,0.0419,-0.2468,65.5632,0.1445,0.0269,0.0000,0.0689,0.2625,0.5450,-0.2497,0.4878,0.0272,-6.2468,0.3895,0.4223,-50.4967
Act I : The AI Prophecy ACT,$0.03,'+2.19%,$31.7m,n/a,$10.0m,$7.9m,'+6.53%,$484.4k,-0.12%,$-9.4k,0.06%,0.791,0.250,0.315,'+0.0067%,'+0.0075%,'+0.0056%,'+0.0060%,$7.1k,$47.60,$7.1k,0.0007,0.0009,6,2.65,72.63%,27.37%,2.86,74.08%,25.92%,'+0.60,'+0.35,'+0.90,'+0.50,,,,3.1709,-1.3883,420.5286,-87.5189,1.4131,0.0003,56.1789,41.8549,-84.7665,0.3078,0.8633,-29.4959,-70.4697,363.9404,-0.0083,-1.7571,1.0201,0.9736,420.5286,816.0610,-2.6056,-156.2806,4.5205,0.7071,0.7071,-91.6304,1.0201,1.5581,2.6382,21.5894,1.1517,15.8338,-11.8264,0.3143,-0.3281,-1.7571,15.8338,-0.7977,0.2685,60.5427,-0.0597,-11.8264,1.5616,-2.5334,5.2723,0.0357,-7.7571,1.6257,0.4901,-24.7817
Comedian BAN,$0.07,-0.44%,$70.9m,n/a,$7.3m,$9.6m,-0.45%,$-43.2k,-1.40%,$-137.1k,0.08%,1.328,0.136,0.102,'+0.0075%,'+0.0089%,'+0.0059%,'+0.0082%,$6.1k,$2.6k,$3.6k,0.0008,0.0006,4,1.31,56.68%,43.32%,1.32,56.91%,43.10%,-0.16,'+0.68,'+0.37,'+0.71,,,,12.1824,-0.2325,418.7506,-89.8317,0.3883,0.0913,99.9823,27.0035,n/a,5.3448,0.9302,4.6399,-21.4237,24.7652,0.0100,-0.9627,0.9783,0.5160,418.7506,166.2584,-0.2754,12.6661,14.9905,10.0315,10.0315,275.3977,0.9783,0.2670,1.9026,480.5058,2.7725,324.2097,0.1253,0.9071,-0.8252,-0.9627,324.2097,-0.4298,0.4199,37.2236,-0.4070,0.1253,1.3106,-1.8461,5.3253,0.1067,-6.9627,0.9424,0.4787,83.7530
Brett BRETT,$0.05,'+7.35%,$457.1m,n/a,$24.4m,$26.7m,'+8.43%,$2.1m,'+2.68%,$695.6k,0.22%,1.093,0.058,0.053,'+0.0118%,'+0.0129%,'+0.0092%,'+0.0093%,$27.7k,$23.6k,$4.0k,0.0011,0.0010,9,2.41,70.69%,29.32%,2.49,71.35%,28.65%,'+0.69,'+0.86,'+0.93,'+0.86,,,,10.3088,-1.0892,416.5483,-100.0000,3.3193,0.0015,99.9927,103.8944,-0.2563,-0.6412,1.2054,5.1094,-97.5700,223.9815,0.0053,-0.9320,0.9581,1.2155,416.5483,185.5857,-1.2787,-194.4923,-0.0593,9.5117,9.5117,47.1070,0.9581,1.4249,2.1470,31.0381,1.4356,17.2856,0.7560,0.4301,-0.1485,-0.9320,17.2856,1.3916,0.0999,-6.6718,-0.0487,0.7560,0.7943,-2.4083,7.4736,0.0843,8.0680,-1.4700,0.5319,24.1286
Tutorial TUT,$0.08,-3.39%,$70.3m,$70.3m,$23.3m,$50.3m,-5%,$-2.6m,-0.43%,$-218.9k,0.41%,2.157,0.716,0.332,'+0.0067%,'+0.0075%,'+0.0056%,'+0.0056%,$23.1k,$1.2k,$21.9k,0.0010,0.0005,5,0.97,49.28%,50.73%,0.96,49.03%,50.97%,-0.08,-0.66,-0.48,-0.60,,,,7.3140,-1.9343,416.2204,243.6959,-1.8541,-0.0023,31.0164,76.0065,-94.8202,-1.2655,-1.1612,3.5785,-73.6066,437.7579,0.0068,1.7772,1.0070,2.2842,416.2204,328.1429,3.1850,0.2145,-5.0235,0.5557,0.5557,-96.9243,1.0070,1.9464,-2.9559,11.1764,0.0213,32.3340,1.1841,0.1117,-0.3727,1.7772,32.3340,0.5111,0.2261,0.0000,-0.1469,1.1841,0.3495,0.3879,-1.3682,0.0159,-7.2228,-1.9253,0.5246,-24.2031
Monero XMR,$332.74,'+10.19%,$6.1b,n/a,$98.5m,$38.5m,'+29.42%,$8.8m,'+1.65%,$626.2k,0.32%,0.391,0.006,0.016,'+0.0207%,'+0.0097%,'+0.0125%,'+0.0180%,$256.7k,$219.4k,$37.3k,0.0026,0.0067,6,1.74,63.56%,36.45%,1.86,64.99%,35.01%,'+0.60,'+0.81,'+0.11,'+0.76,,,,8.0894,1.3052,414.9047,n/a,19.7173,-0.0009,29.1531,-247.6795,32.4170,7.5852,-1.0578,-1.2959,245.3266,-39.9550,0.0197,-0.0726,1.0136,1.8346,414.9047,270.9178,-0.0907,5.9435,33.3646,14.2191,14.2191,71.3443,1.0136,1.2822,-0.9845,9.1119,1.2000,-4.2546,-0.3791,1.5027,1.6840,-0.0726,-4.2546,0.7071,-0.9614,-73.9210,0.7157,-0.3791,1.0894,-1.1899,30.9446,0.1129,-9.0726,20.1333,0.4919,12.0404
AVAAI AVAAI,$0.02,'+0.42%,n/a,n/a,$5.4m,$7.2m,'+1.61%,$113.5k,-0.34%,$-24.4k,0.06%,1.318,n/a,n/a,'+0.0114%,'+0.0084%,'+0.0133%,'+0.0081%,$3.5k,$278.30,$3.2k,0.0006,0.0005,5,3.16,75.97%,24.04%,2.99,74.96%,25.04%,'+0.20,-0.07,'+0.74,'+0.07,,,,63.4590,-1.1546,369.7041,175.7319,-1.3047,0.2038,99.9818,46.5696,26.1071k,-6.7791,1.8594,24.7565,-19.9373,1.7659k,0.0159,-1.6309,1.0579,2.0655,369.7041,346.0598,-1.3648,-532.8706,1.4777,-2.3041,-2.3041,203.4101,1.0579,0.8234,3.5068,36.2696,0.9906,18.0751,0.1394,0.2940,-0.7010,-1.6309,18.0751,-0.5188,0.2755,-30.5223,-0.4267,0.1394,2.4946,-5.1498,1.2384,0.0263,7.3691,4.0906,0.4823,-62.4018
Port3 PORT3,$0.05,'+10.66%,$26.0m,n/a,$5.7m,$5.3m,'+12.48%,$588.1k,'+2.91%,$149.8k,0.04%,0.923,0.204,0.221,'+0.0155%,'+0.0413%,'+0.0155%,'+0.0413%,$13.1k,$10.5k,$2.6k,0.0023,0.0025,2,1.38,58.01%,41.99%,1.42,58.61%,41.39%,'+0.10,'+0.70,-0.46,'+0.76,,,,9.6671,-0.7102,356.0727,-100.0000,7.8466,-0.0088,42.0766,101.7187,191.3918,26.0388,4.2901,6.0573,-91.3229,117.7616,0.0125,-4.7015,0.8997,2.4339,356.0727,127.1248,-11.3964,-47.6622,64.9929,40.1143,40.1143,-39.6427,0.8997,2.8265,9.0400,-15.0435,0.8069,-38.7232,1.2820,0.3266,-4.3059,-4.7015,-38.7232,-2.2405,2.2514,22.9351,-2.1018,1.2820,7.8399,-23.5244,7.6160,0.1184,1.2985,-8.9351,0.5415,22.4553
Perpetual Protocol PERP,$0.30,'+2.90%,$21.7m,n/a,$3.5m,$4.5m,'+3.02%,$133.2k,'+1.25%,$56.2k,0.04%,1.298,0.209,0.161,-0.01%,-0.01%,'+0.0080%,'+0.0087%,$1.0k,$989.20,$21.30,0.0003,0.0002,6,2.17,68.43%,31.57%,2.10,67.77%,32.24%,'+0.22,'+0.55,-0.21,'+0.69,,,,2.1799,-0.0185,354.6032,53.8834,1.3388,0.0030,44.3958,-15.0644,-95.4413,-1.3156,0.2377,-16.1836,-0.8755,100.3387,0.0662,-0.5890,1.0369,1.4178,354.6032,6.7990k,-0.6378,-28.2745,-9.3417,6.2681,6.2681,-94.4799,1.0369,1.0919,0.8326,543.5151,3.6120,365.8092,-7.6720,0.1743,0.4526,-0.5890,365.8092,-0.2386,-0.2185,27.3500,0.2336,-7.6720,1.2515,-0.6483,2.9333,0.0303,-6.5890,-15.1714,0.5946,407.3448
NOM NOM,$0.04,-7.39%,n/a,n/a,$144.6m,$5.2m,-13.17%,$-791.9k,-2.32%,$-124.3k,0.04%,0.036,n/a,n/a,-0.13%,-0.15%,-0.11%,-0.12%,$705.2k,$359.0k,$346.2k,0.0049,0.1350,3,1.15,53.59%,46.41%,1.07,51.62%,48.39%,n/a,n/a,n/a,n/a,,,,5.3068,0.3182,346.5714,-50.0962,1.3052,-0.0007,-0.0008,n/a,n/a,116.1608,0.7612,-6.7260,n/a,111.6556,-0.1029,5.3505,0.9804,0.5044,346.5714,95.1580,5.2153,11.6188,n/a,n/a,n/a,n/a,0.9804,0.9723,-4.6395,-83.6950,0.7939,-34.2559,-0.9842,n/a,-0.8936,5.3505,-34.2559,0.7084,0.0635,418.9569,-0.8307,-0.9842,0.3212,4.8449,-0.1843,0.0610,-0.6495,n/a,0.5038,24.8806
Vaulta A,$0.41,'+2.45%,$661.5m,n/a,$14.6m,$18.1m,'+1.85%,$329.1k,-1.05%,$-192.5k,0.15%,1.243,0.027,0.022,'+0.0063%,'+0.0075%,'+0.0062%,'+0.0065%,$14.2k,$8.0k,$6.2k,0.0010,0.0008,6,1.44,59.03%,40.98%,1.42,58.72%,41.29%,'+0.35,'+0.22,'+0.85,'+0.33,,,,4.2912,-3.0960,343.4650,-83.2763,-0.5212,0.0005,3.8624,52.9825,164.3925,1.3509,0.4369,-22.2750,-74.8114,-526.1630,0.0062,-0.9252,0.7932,1.0928,343.4650,3.6550,-1.3126,-111.3240,2.9862,-1.4061,-1.4061,-18.7908,0.7932,1.4807,1.3713,-56.2572,0.9918,-41.2940,-6.6892,0.6555,0.3043,-0.9252,-41.2940,-1.0090,-0.0723,0.0000,0.2318,-6.6892,0.8049,-1.1242,2.3341,0.0320,-6.9252,0.5471,0.5844,-35.4873
Sologenic SOLO,$0.28,-3.19%,$110.0m,n/a,$217.9k,$1.2m,'+0.93%,$11.5k,-0.99%,$-12.4k,0.01%,5.719,0.011,0.002,'+0.0100%,'+0.0100%,'+0.0100%,'+0.0100%,$0.00,$n/a,$n/a,0.0000,0.0000,2,1.53,60.48%,39.52%,1.53,60.50%,39.50%,'+0.16,'+0.07,'+0.72,'+0.20,,,,1.1716,-3.3480,338.4311,-54.4543,2.0692,0.0731,83.2612,16.1394,118.7137,-1.2175,0.6430,-2.9286,-18.4184,2.4713k,0.0100,-0.6575,0.9065,0.9566,338.4311,130.3555,-0.2390,-74.8629,-5.2902,-6.3183,-6.3183,69.4258,0.9065,0.3418,1.3070,0.2131,1.3405,-4.9363,-1.7657,0.9261,-0.1648,-0.6575,-4.9363,-0.3166,0.0491,0.0000,-0.1158,-1.7657,0.2683,-1.0794,2.2663,0.0278,-6.6575,6.4131,0.5481,478.1777
ZCash ZEC,$150.97,'+65.66%,$2.5b,n/a,$1.9b,$132.3m,'+179.56%,$85.0m,'+17.97%,$20.2m,1.08%,0.069,0.053,0.772,'+0.0119%,'+0.0329%,'+0.0101%,'+0.0064%,$8.1m,$6.4m,$1.7m,0.0043,0.0616,7,0.59,36.91%,63.09%,0.60,37.68%,62.32%,'+0.38,'+0.90,-0.14,'+0.88,,,,6.1912,0.5911,336.3581,1.0198k,49.8443,0.0000,91.9870,-14.9243,8.6982k,29.7411,-3.4199,6.7492,18.1517,171.4876,0.0384,9.9159,1.0570,1.2221,336.3581,297.3029,13.5588,-36.0690,784.8843,179.2874,179.2874,6.3264k,1.0570,1.4195,-13.4377,-1.8289,-0.5006,3.6310,1.4538,8.4226,-5.2882,9.9159,3.6310,10.2760,2.2443,146.2070,-3.1137,1.4538,5.8470,-2.4875,104.3993,0.3201,6.9159,616.1551,0.4725,-71.7408
Hashflow HFT,$0.08,'+3.51%,$47.4m,n/a,$6.1m,$5.0m,'+3.99%,$190.8k,-1.17%,$-59.1k,0.04%,0.816,0.105,0.129,'+0.0033%,0.00%,'+0.0098%,'+0.0098%,$541.60,$541.20,$0.40,0.0001,0.0001,5,2.35,70.12%,29.88%,2.37,70.34%,29.67%,'+0.23,'+0.51,'+0.75,'+0.64,,,,0.9679,-1.8873,331.3777,n/a,2.0364,0.0040,89.0218,15.2898,-58.2536,0.2466,0.7424,-1.9229,-16.4574,-29.0892,0.0944,-1.2839,1.0268,0.6504,331.3777,228.1937,-0.9978,-21.0539,1.9133,0.6091,0.6091,-70.2113,1.0268,0.7603,2.0392,3.6521,1.0894,0.5242,-1.1210,0.5210,0.0203,-1.2839,0.5242,-0.8217,0.0513,-324.4746,0.0716,-1.1210,1.0767,-1.8543,2.8383,0.0381,-7.2839,-2.6773,0.6116,-67.3365
SPX6900 SPX,$1.24,'+15.89%,$1.2b,n/a,$164.2m,$65.9m,'+12.98%,$7.6m,-2.55%,$-1.7m,0.54%,0.402,0.057,0.142,'+0.0097%,'+0.0125%,'+0.0089%,'+0.0090%,$240.1k,$193.1k,$47.0k,0.0015,0.0036,10,1.62,61.82%,38.18%,1.95,66.12%,33.89%,'+0.58,'+0.75,'+0.84,'+0.78,,,,11.7375,-0.2008,310.1786,-72.4221,12.3456,0.0018,97.8342,29.1739,61.6530,-1.5852,-0.1755,15.5292,-13.8175,110.9735,0.0103,-0.2724,0.8490,0.6797,310.1786,175.4892,-0.1591,146.7916,32.1967,19.6382,19.6382,11.3912,0.8490,0.5609,0.0996,0.4269,1.4417,-4.8138,1.0313,1.1707,-0.4376,-0.2724,-4.8138,0.1253,0.3285,1.0954,-0.1095,1.0313,0.6286,-0.3022,12.7640,0.1354,-6.2724,7.0496,0.4829,-4.5739
Orderly Network ORDER,$0.39,'+2.95%,$118.3m,n/a,$170.8m,$27.0m,-7.32%,$-2.1m,-1.69%,$-463.9k,0.22%,0.158,0.228,1.443,'+0.0083%,'+0.0100%,'+0.0097%,'+0.0100%,$423.2k,$232.6k,$190.6k,0.0025,0.0157,7,1.10,52.44%,47.57%,1.10,52.47%,47.53%,'+0.08,'+0.79,-0.47,'+0.82,,,,32.8534,1.3279,291.0355,1.0633k,0.8542,0.0014,99.9983,-46.3519,-68.2177,5.6261,-4.0258,32.2851,74.5558,37.9720,0.0052,5.5984,1.0058,0.6985,291.0355,11.7504,6.4030,n/a,72.6293,46.7103,46.7103,-50.3286,1.0058,1.1604,-9.6796,33.9236,1.9930,25.9118,0.9092,0.6629,5.4109,5.5984,25.9118,4.6688,-2.7846,0.0000,2.5551,0.9092,1.2497,-11.0583,-1.7372,0.0642,-12.4016,56.8246,0.4436,-13.6281
Sui Name Service NS,$0.14,'+2.00%,$21.9m,$70.6m,$258.6k,$962.4k,'+1.60%,$15.1k,-1.37%,$-13.3k,0.01%,3.722,0.044,0.012,'+0.0100%,'+0.0100%,'+0.0100%,'+0.0100%,$0.00,$n/a,$n/a,0.0000,0.0000,1,2.05,67.22%,32.78%,1.73,63.40%,36.60%,'+0.67,-0.13,'+0.51,-0.06,,,,1.1441,-2.5758,285.0735,345.6982,-1.3222,0.0432,26.4352,37.2103,-88.4400,0.2159,0.6737,4.1305,-32.3985,-71.1469,0.0100,-0.7606,1.0411,4.1035,285.0735,297.2985,-0.3642,23.2494,-10.8125,-11.1027,-11.1027,-92.7463,1.0411,0.4551,1.4419,14.6317,1.5162,4.7801,1.9867,0.2560,0.0094,-0.7606,4.7801,-0.5443,0.0119,0.0000,0.0213,1.9867,1.6339,-1.2248,0.8410,0.0368,-6.7606,0.3219,0.6239,-24.6838
Aethir ATH,$0.05,'+0.50%,$645.2m,n/a,$55.7m,$84.4m,'+2.91%,$2.4m,-2.54%,$-2.2m,0.69%,1.515,0.131,0.086,-0.02%,-0.03%,'+0.0032%,'+0.0004%,$58.6k,$35.5k,$23.0k,0.0011,0.0007,8,0.87,46.52%,53.48%,0.91,47.62%,52.38%,'+0.46,-0.60,'+0.03,-0.48,,,,4.5203,-0.2303,281.0446,-100.0000,0.4517,0.0007,50.8269,93.2409,15.6568,-4.3295,0.0791,-6.6790,-99.8398,-139.8872,-0.0060,-0.1051,0.8377,0.7669,281.0446,794.6353,-0.1430,14.5240,-11.3146,-3.7229,-3.7229,104.1161,0.8377,1.4116,0.1852,3.1806,0.9064,13.1500,-1.7391,0.2257,0.6690,-0.1051,13.1500,-0.4179,-0.3606,13.9334,0.3073,-1.7391,0.6039,-0.1115,-0.8534,0.0510,-6.1051,13.7590,0.5123,26.1182
rats (Ordinals) RATS,$0.00,'+3.50%,n/a,n/a,$140.3k,$228.9k,'+2.45%,$5.5k,'+2.41%,$5.4k,0%,1.632,n/a,n/a,-0.40%,-1.14%,-0.01%,-1.14%,$27.80,$27.80,$n/a,0.0002,0.0001,3,n/a,n/a%,n/a%,n/a,n/a%,n/a%,-0.06,'+0.10,-0.59,'+0.11,,,,0.1030,7.2845,272.5578,84.1238,4.0926,-0.0552,0.7980,-74.8485,330.6351,-138.2825,0.4166,-44.1266,31.1414,'-7.1681k,-0.6645,-0.2908,2.0183,1.3625,272.5578,-26.6688,-0.2317,-78.3500,-12.7215,14.9314,14.9314,-69.2442,2.0183,0.7813,0.7104,37.3169,0.6889,223.8286,-180.7923,0.2213,0.3691,-0.2908,223.8286,0.4374,-0.0162,41.8944,0.3529,-180.7923,11.0622,-0.4668,4.8863,0.0706,-6.2908,-21.2020,0.3039,-99.8493
1000CHEEMS 1000CHEEMS,$0.00,'+1.39%,n/a,n/a,$1.4m,$12.7m,'+1.95%,$242.5k,-0.89%,$-113.9k,0.10%,8.847,n/a,n/a,'+0.0050%,'+0.0050%,'+0.0050%,'+0.0050%,$1.9k,$46.30,$1.8k,0.0013,0.0001,2,1.64,62.07%,37.93%,1.63,61.96%,38.04%,'+0.59,-0.41,'+0.76,-0.35,,,,1.5073,-0.8131,270.6948,580.9626,1.9454,0.0047,80.1802,4.0679,-92.8725,-2.2265,0.7142,0.2467,-3.1005,608.0853,0.0050,-0.6481,1.1690,1.8045,270.6948,202.4720,-0.6699,-156.9811,-5.4862,-6.4583,-6.4583,-94.9860,1.1690,1.0372,1.3688,-6.4766,0.7630,-7.9608,0.1948,0.4326,-0.5878,-0.6481,-7.9608,-0.4652,0.2583,0.0000,-0.3303,0.1948,1.8062,-1.1675,2.9573,0.0387,-6.6481,1.2270,0.4900,-34.7815
Pendle PENDLE,$4.93,'+5.34%,$834.2m,n/a,$69.4m,$85.1m,-0.93%,$-802.9k,-2.86%,$-2.5m,0.70%,1.225,0.102,0.083,'+0.0042%,'+0.0009%,'+0.0074%,'+0.0027%,$94.8k,$90.2k,$4.7k,0.0014,0.0011,10,1.59,61.38%,38.63%,1.36,57.71%,42.30%,'+0.77,'+0.58,'+0.81,'+0.70,,,,7.0161,-0.7878,270.6605,78.7417,-6.5515,0.0000,58.0813,2.1825,-52.0947,-0.2724,0.4883,-9.1619,-10.8480,430.6903,0.0047,-0.8100,1.0003,0.8730,270.6605,162.1080,-0.7646,-192.3986,9.4474,5.1131,5.1131,-69.7055,1.0003,0.9387,1.3064,1.3625,0.8985,0.3817,-2.6915,0.5151,-0.0306,-0.8100,0.3817,-0.5079,-0.0366,-138.4072,-0.0671,-2.6915,1.3191,-1.0564,-3.8799,0.0449,-6.8100,4.3138,0.4718,-48.1734
Fusionist ACE,$0.47,'+2.19%,$35.5m,n/a,$3.3m,$6.2m,'+2.49%,$149.9k,-0.29%,$-18.0k,0.05%,1.853,0.174,0.094,'+0.0172%,'+0.0101%,'+0.0093%,'+0.0100%,$2.4k,$186.30,$2.2k,0.0007,0.0004,7,3.19,76.13%,23.88%,3.17,76%,24%,'+0.61,'+0.29,'+0.84,'+0.42,,,,3.4676,-0.6285,265.6572,-88.3246,-0.1676,-0.0082,74.6113,144.5232,-81.9174,-0.8530,0.5323,81.7026,-62.2801,1.5145k,0.0433,-0.8194,0.9127,1.3209,265.6572,326.7479,-1.6596,103.5476,-4.7507,-0.7593,-0.7593,-92.6303,0.9127,2.2568,1.3600,-13.2458,1.3201,-17.1137,23.4993,0.1376,0.2118,-0.8194,-17.1137,-0.0945,-0.2753,-55.9508,-0.0633,23.4993,1.9068,-1.1116,2.4273,0.0297,-6.8194,2.3413,0.4990,44.7923
Gnosis GNO,$151.32,'+1.13%,$398.8m,n/a,$340.5k,$1.0m,-5.64%,$-61.2k,'+3.08%,$30.6k,0.01%,3.005,0.003,0.001,-0.06%,-0.02%,-0.06%,-0.02%,$65.90,$65.90,$n/a,0.0002,0.0001,3,1.80,64.29%,35.71%,1.77,63.90%,36.10%,'+0.89,'+0.92,'+0.56,'+0.95,,,,0.3897,-4.5377,263.8108,-100.0000,-0.1301,0.0105,55.6966,98.1963,-72.7420,-17.4228,0.3724,-1.4503,-99.2934,441.8270,-0.0515,1.8744,0.3751,1.3970,263.8108,218.9711,3.2385,-2.0996,67.1655,10.6085,10.6085,-80.5669,0.3751,1.8635,-1.5210,68.9785,0.5259,77.4843,-2.6176,0.4896,0.6433,1.8744,77.4843,2.2726,-0.2820,-15.7523,0.3603,-2.6176,0.3832,1.7495,0.2921,0.0223,-4.1256,63.9279,0.7983,-55.3624
Pump.fun PUMP,$0.01,'+3.44%,$2.5b,n/a,$1.9b,$918.0m,'+0.31%,$2.8m,'+5.14%,$44.9m,7.53%,0.479,0.374,0.781,'+0.0120%,'+0.0114%,'+0.0214%,'+0.0187%,$5.0m,$2.6m,$2.4m,0.0026,0.0055,11,1.99,66.55%,33.46%,1.95,66.07%,33.93%,'+0.82,'+0.93,'+0.57,'+0.90,,,,9.6323,-0.3828,258.0709,-19.7835,3.6430,0.0001,99.9999,22.7880,82.2301,3.6190,0.0400,7.5796,-15.1716,28.2857,0.0074,0.3174,1.0927,0.7440,258.0709,421.5925,0.3556,-33.2762,18.2640,19.8874,19.8874,269.6213,1.0927,1.1337,-0.2807,71.2405,2.3974,42.7290,0.9658,0.4995,1.5709,0.3174,42.7290,1.7517,-0.9716,-23.2675,0.5935,0.9658,0.4517,0.3161,6.1984,0.0636,-5.6826,3.7677,0.4761,100.0080
Rocket Pool RPL,$5.18,'+6.14%,$113.0m,n/a,$2.5m,$3.4m,-0.05%,$-1.8k,-2.37%,$-82.3k,0.03%,1.340,0.030,0.022,'+0.0075%,'+0.0075%,'+0.0070%,'+0.0070%,$3.4k,$1.9k,$1.5k,0.0013,0.0010,3,1.86,65.07%,34.93%,1.95,66.09%,33.91%,'+0.33,'+0.32,'+0.84,'+0.32,,,,2.2689,-0.7221,255.7922,-69.4523,-2.6590,-0.0035,15.4992,31.3284,273.9594,0.7130,1.1775,-32.4113,-62.5411,-32.6792,0.0075,-2.0939,0.9190,1.3545,255.7922,308.5652,-4.1395,-107.1725,12.6357,-4.0783,-4.0783,0.6479,0.9190,2.1910,3.2925,-37.5595,0.9580,-28.2133,-21.3005,0.4048,0.2869,-2.0939,-28.2133,-0.7979,-0.1750,0.0000,0.1117,-21.3005,1.4990,-3.5305,0.4102,0.0698,6.9061,4.0070,0.5148,-61.2879
Beam BEAM,$0.01,'+7.53%,$463.8m,n/a,$29.2m,$23.6m,'+27.02%,$5.0m,'+20.91%,$4.1m,0.19%,0.806,0.051,0.063,'+0.0144%,'+0.2678%,'+0.0403%,'+0.0928%,$45.6k,$34.9k,$10.7k,0.0016,0.0019,6,1.75,63.68%,36.32%,1.72,63.18%,36.83%,'+0.80,'+0.92,'+0.41,'+0.93,,,,2.6710,-0.4100,246.7638,220.0809,27.7170,0.0001,59.9347,42.8811,534.5494,-96.6239,2.8498,9.8470,-30.1420,513.2968,-0.0158,-3.7838,1.0469,8.4975,246.7638,n/a,-14.1087,9.5504,36.2820,20.7069,20.7069,116.7844,1.0469,5.1280,6.6759,-2.0766,0.9082,-13.4092,12.8091,1.8433,-1.8421,-3.7838,-13.4092,5.1982,0.8512,116.2828,-0.9993,12.8091,3.2988,-12.1480,27.1670,0.1231,8.2162,12.2100,0.4933,-18.3849
NEO NEO,$6.18,'+3.91%,$437.2m,n/a,$17.1m,$22.4m,'+5.11%,$1.1m,'+1.73%,$381.4k,0.18%,1.311,0.051,0.039,'+0.0123%,'+0.0132%,'+0.0098%,'+0.0010%,$20.0k,$18.9k,$1.1k,0.0012,0.0009,10,1.99,66.61%,33.39%,1.99,66.53%,33.47%,'+0.48,'+0.89,'+0.90,'+0.90,,,,2.1086,-0.6743,242.7600,-23.2498,1.8633,0.0020,98.3257,122.1667,128.3592,-4.6857,0.4086,92.6847,-29.0645,4.3300k,0.0124,-0.8700,1.0328,1.3932,242.7600,206.6394,-1.4649,64.5988,3.4924,4.8627,4.8627,-59.7094,1.0328,1.8074,1.2874,2.6848,0.7357,-3.4341,47.3426,0.5813,-0.6394,-0.8700,-3.4341,0.3521,0.4202,9.7981,-0.2202,47.3426,1.2473,-1.0442,3.9794,0.0384,-6.8700,3.6156,0.4632,-17.9429
Movement MOVE,$0.11,'+2.24%,$310.4m,n/a,$24.0m,$28.0m,'+0.72%,$200.5k,-1.36%,$-385.2k,0.23%,1.166,0.090,0.077,-0.03%,'+0.0003%,'+0.0071%,'+0.0078%,$14.8k,$10.1k,$4.7k,0.0006,0.0005,9,2.09,67.68%,32.33%,2.07,67.40%,32.60%,'+0.56,'+0.04,'+0.84,'+0.08,,,,9.4956,-0.6766,239.2435,-100.0000,-1.9031,-0.0015,5.5543,88.7911,-96.0920,5.6591,0.6396,-10.5552,-98.6926,'-1.6709k,-0.0072,-1.4067,0.8737,0.4697,239.2435,43.6627,-2.6222,-46.8414,2.8225,-3.2597,-3.2597,-97.1776,0.8737,2.0404,2.0604,-115.9268,1.4741,-62.4515,-1.7618,0.3027,-0.2751,-1.4067,-62.4515,-0.9652,0.1146,-96.8757,-0.1607,-1.7618,0.2346,-1.8340,0.5311,0.0374,-7.4067,2.4452,0.5137,-45.5533
Toncoin TON,$2.82,'+2.51%,$7.1b,$14.5b,$106.1m,$221.1m,'+5.28%,$11.1m,'+1.05%,$2.3m,1.81%,2.084,0.031,0.015,'+0.0116%,'+0.0106%,'+0.0115%,'+0.0114%,$119.0k,$105.4k,$13.6k,0.0011,0.0005,15,4.49,81.78%,18.22%,4.35,81.31%,18.69%,'+0.37,'+0.52,'+0.86,'+0.56,,,,3.7913,-0.3676,229.1311,2.8789k,2.7575,0.0002,99.9993,8.5274,123.9717,-0.0673,0.2238,5.7473,-2.5555,342.6042,0.0085,-0.0730,1.2151,1.0272,229.1311,145.1995,-0.0693,-2.3516,6.2893,0.3917,0.3917,-11.4096,1.2151,0.9454,0.2975,1.5059,0.8062,-4.7178,1.3915,0.5339,0.1127,-0.0730,-4.7178,0.2853,-0.1192,-22.6711,-0.0065,1.3915,1.0241,-0.1234,4.2029,0.0251,-6.0730,6.2038,0.4072,-30.8262
Bitlayer BTR,$0.08,-7.31%,$21.5m,$82.2m,$17.2m,$7.4m,'+0.62%,$45.9k,-8.73%,$-710.3k,0.06%,0.433,0.346,0.799,'+0.0067%,'+0.0093%,'+0.0070%,'+0.0091%,$69.8k,$13.4k,$56.4k,0.0041,0.0094,4,1.04,50.95%,49.06%,0.98,49.41%,50.60%,'+0.52,-0.66,'+0.21,-0.71,,,,125.9099,-2.2610,227.9944,36.7205,-4.2954,-0.1729,-0.2072,31.1470,-95.0222,-2.6476,1.4671,-9.3845,-39.0391,-50.7672,0.0114,-2.5334,1.0139,1.2538,227.9944,n/a,-1.5805,-5.2549,5.9319,-7.1047,-7.1047,-94.4344,1.0139,0.6012,4.0259,-0.3098,0.7497,-104.2011,-0.0183,0.1257,-0.6869,-2.5334,-104.2011,-2.2356,0.4822,-0.2339,-0.2056,-0.0183,0.0752,-4.7608,-6.2189,0.0950,6.4666,7.2822,0.5126,-27.2987
Celer Network CELR,$0.01,'+4.70%,$43.8m,n/a,$2.4m,$3.5m,'+2.14%,$73.4k,'+0.28%,$9.9k,0.03%,1.445,0.080,0.055,'+0.0654%,-0.03%,'+0.0106%,'+0.0096%,$258.20,$203.10,$55.10,0.0001,0.0001,4,2.63,72.47%,27.53%,2.49,71.39%,28.62%,'+0.56,'+0.83,'+0.86,'+0.91,,,,8.7756,-0.7737,224.1749,-100.0000,-1.7171,0.0141,43.0738,90.1649,78.7310,-18.7343,0.6573,-9.1856,-98.7011,193.6005,0.5162,0.7854,0.9716,1.0048,224.1749,99.3975,1.3914,-47.6619,-0.0097,9.9607,9.9607,-52.0540,0.9716,1.9196,-0.1360,-4.0045,2.5098,-35.9026,-1.5037,0.5056,-0.5505,0.7854,-35.9026,0.3454,0.3711,-127.8132,-0.1800,-1.5037,3.5831,0.3636,1.8582,0.0489,-5.2146,-3.9168,0.5038,-21.6835
DeLorean DMC,$0.00,'+1.57%,$12.2m,n/a,$2.1m,$1.9m,'+12.26%,$205.9k,'+7.84%,$137.1k,0.02%,0.911,0.155,0.170,'+0.0067%,'+0.0075%,'+0.0059%,'+0.0059%,$4.2k,$12.00,$4.2k,0.0020,0.0022,5,2.26,69.36%,30.64%,2.36,70.26%,29.74%,'+0.58,-0.45,'+0.81,-0.32,,,,27.0789,-1.0842,222.3195,58.2409,5.9824,0.0979,99.8210,48.2316,30.1124,-6.4973,0.8828,36.1537,-11.1885,n/a,0.0067,-0.6285,1.1129,4.0364,222.3195,216.6064,-0.5903,'-3.6851k,13.9425,-6.2973,-6.2973,45.0578,1.1129,0.9337,1.5179,0.5426,0.4362,-3.6557,0.5426,0.3655,-0.9823,-0.6285,-3.6557,1.9361,0.3966,0.0000,-0.5880,0.5426,6.5221,-1.4196,10.2321,0.0280,-6.6285,12.0376,0.4542,-62.7032
1000CAT 1000CAT,$0.01,'+4.10%,n/a,n/a,$8.9m,$4.5m,'+5.48%,$235.1k,-1.36%,$-62.6k,0.04%,0.507,n/a,n/a,'+0.0075%,'+0.0075%,'+0.0061%,'+0.0061%,$17.8k,$3.4k,$14.5k,0.0020,0.0039,3,2.16,68.35%,31.65%,1.89,65.40%,34.61%,'+0.77,'+0.80,'+0.83,'+0.88,,,,3.2035,-2.8214,200.4708,104.1058,2.6865,-0.0016,-0.0024,6.3681,-43.6927,0.3675,0.9108,-22.5989,-28.0363,-428.0698,0.0075,-1.9720,0.8213,1.0623,200.4708,329.0176,-1.5921,-19.0702,0.8671,5.1351,5.1351,-79.1163,0.8213,0.7921,2.9027,-149.6530,1.4123,-104.1182,-4.5820,0.5659,0.2113,-1.9720,-104.1182,-0.8167,-0.1546,0.0000,0.0566,-4.5820,3.4431,-2.8382,3.5889,0.0480,-7.9720,-6.7131,0.6101,-52.6344
Illuvium ILV,$16.02,'+18.51%,$153.2m,n/a,$17.8m,$6.9m,'+25.62%,$1.4m,'+5.01%,$327.8k,0.06%,0.387,0.045,0.116,'+0.0100%,'+0.0100%,'+0.0100%,'+0.0100%,$59.0k,$50.6k,$8.4k,0.0033,0.0086,5,2.03,67.02%,32.99%,2.63,72.49%,27.52%,'+0.65,'+0.79,'+0.88,'+0.82,,,,2.5105,-0.5304,198.8360,-100.0000,20.0042,-0.0010,-0.0014,68.8224,50.6347,-66.2964,0.3928,-30.7809,-99.2067,-149.5003,0.0067,-0.3811,0.9128,4.1300,198.8360,218.0942,-0.4116,-45.4540,29.1747,20.8739,20.8739,-49.4741,0.9128,1.0890,0.7777,-150.5438,-0.1913,-103.8455,-17.6321,3.2344,-1.8181,-0.3811,-103.8455,0.4309,0.9076,0.0000,-0.9188,-17.6321,2.1941,-0.5384,25.7978,0.1772,-6.3811,10.3601,0.5113,22.6718
Quack AI Q,$0.03,-0.79%,$49.7m,n/a,$23.4m,$12.9m,-0.45%,$-57.8k,'+5.02%,$617.4k,0.11%,0.552,0.260,0.470,'+0.0175%,'+0.0158%,'+0.0102%,'+0.0183%,$74.9k,$26.2k,$48.7k,0.0032,0.0058,5,0.86,46.28%,53.73%,1.02,50.42%,49.59%,'+0.50,'+0.73,-0.04,'+0.78,,,,396.3905,-0.1478,191.7680,-61.1825,-4.7246,0.0589,91.3182,7.8544,-87.2181,1.6825,-1.2459,3.4313,-5.6829,343.1576,0.0195,1.3739,0.9597,0.7495,191.7680,218.0278,0.5137,12.2453,24.5339,23.0825,23.0825,-94.3750,0.9597,0.3518,-2.6337,1.8205,0.8811,-5.2762,0.0051,0.1491,-0.0096,1.3739,-5.2762,1.1002,0.0957,25.1601,0.0861,0.0051,0.1914,-0.2130,-2.6197,0.1179,-7.6261,3.4984,0.4634,-62.9358
1MBABYDOGE 1MBABYDOGE,$0.00,'+4.28%,n/a,n/a,$7.3m,$5.4m,'+4.83%,$249.0k,'+0.04%,$1.9k,0.04%,0.737,n/a,n/a,'+1.0050%,'+1.0050%,'+0.0101%,'+0.0101%,$4.5k,$1.9k,$2.6k,0.0006,0.0008,2,2.51,71.48%,28.52%,2.53,71.64%,28.36%,'+0.80,'+0.92,'+0.83,'+0.96,,,,3.2955,-1.6347,189.5558,-100.0000,-1.2593,0.0029,99.9952,114.9609,72.0471,276.0941,0.1796,15.1465,-99.6288,-15.6398,-0.5168,-0.6031,0.9425,1.1705,189.5558,97.8993,-0.9087,-18.8139,12.8226,7.7116,7.7116,-34.5206,0.9425,1.5872,0.7887,21.3772,2.2236,-485.8304,6.8284,0.4418,0.6972,-0.6031,-485.8304,-0.1857,-0.3305,0.0000,0.3655,6.8284,1.4081,-0.6376,3.7277,0.0407,-6.6031,6.8834,0.5166,29.4357
MIRA MIRA,$0.59,-4.40%,n/a,n/a,$227.6m,$18.7m,-17.51%,$-4.0m,-15.38%,$-3.4m,0.15%,0.082,n/a,n/a,-0.06%,-0.06%,-0.07%,-0.06%,$480.7k,$160.7k,$320.0k,0.0021,0.0256,4,2.16,68.31%,31.69%,2.07,67.40%,32.60%,n/a,n/a,n/a,n/a,,,,7.1429,-1.7469,189.3428,-100.0000,-6.1446,0.0001,23.0658,88.2640,-95.6311,-96.5460,3.9351,-7.7408,-92.0095,11.9201,-0.0182,-6.3774,0.8220,0.9800,189.3428,n/a,-8.8717,-41.2051,n/a,n/a,n/a,n/a,0.8220,1.4477,10.3726,46.3341,-0.7522,102.4822,-1.6531,n/a,-5.5483,-6.3774,102.4822,-8.0084,2.8012,-23.4873,-2.8263,-1.6531,1.0321,-22.3394,-7.7769,0.0698,-3.3774,19.4645,0.5677,-48.1944
Renzo REZ,$0.01,'+5.28%,$32.1m,$122.1m,$15.5m,$7.6m,'+13.51%,$899.1k,'+1.47%,$109.7k,0.06%,0.489,0.235,0.481,-0.05%,-0.02%,-0.02%,-0.01%,$7.6k,$1.8k,$5.8k,0.0005,0.0010,7,2.94,74.61%,25.39%,2.97,74.79%,25.22%,'+0.72,'+0.70,'+0.62,'+0.79,,,,3.9232,-0.8822,186.3984,-100.0000,0.8128,-0.0023,70.7674,95.2173,-87.8588,-2.2138,0.6916,-4.0932,-98.6210,907.3837,-0.1968,0.2067,0.8723,0.6130,186.3984,309.9628,0.2914,-87.7013,17.1908,8.8948,8.8948,-90.2277,0.8723,1.4701,0.4828,12.3090,2.4902,32.1455,-1.3474,0.4043,2.0673,0.2067,32.1455,1.0110,-1.9214,-62.8538,0.1431,-1.3474,0.7197,-0.2687,-1.5592,0.0434,-5.7933,14.7805,0.5315,59.5538
TokenFi TOKEN,$0.01,'+2.29%,$36.7m,n/a,$2.5m,$4.7m,'+4.02%,$182.8k,'+1.19%,$55.8k,0.04%,1.895,0.129,0.068,'+0.0342%,'+0.0349%,'+0.0560%,'+0.0517%,$244.20,$199.90,$44.30,0.0001,0.0001,5,3.83,79.28%,20.73%,3.66,78.54%,21.46%,'+0.69,'+0.78,'+0.90,'+0.85,,,,18.2318,-0.0877,184.6234,5.5846,1.5833,-0.0330,65.1337,-8.3109,-21.0519,-4.1819,0.9264,-12.9347,-3.6967,435.3172,0.0849,-0.0707,1.1172,0.8470,184.6234,371.5619,-0.1578,-144.0841,12.9854,6.3747,6.3747,-2.4562,1.1172,2.5474,0.9977,1.1680,1.4906,-15.2093,-1.1585,0.5803,0.9584,-0.0707,-15.2093,0.9070,-1.2355,-8.1930,-0.2737,-1.1585,0.5953,-0.9301,3.2554,0.0355,-6.0707,4.6398,0.4675,-38.7550
Roam ROAM,$0.09,'+1.33%,$29.4m,n/a,$448.9k,$2.3m,'+5.46%,$121.7k,'+1.53%,$35.5k,0.02%,5.233,0.080,0.015,'+0.0100%,'+0.0100%,'+0.0100%,'+0.0100%,$0.00,$n/a,$n/a,0.0000,0.0000,2,1.41,58.51%,41.49%,1.54,60.64%,39.36%,-0.11,'+0.12,'+0.44,'+0.14,,,,0.3580,0.7598,180.9489,82.3755,0.7157,0.0245,99.9561,2.0166,33.8651,0.4854,-0.1590,11.0025,8.8221,149.6633,0.0100,0.4695,1.1486,1.9071,180.9489,109.1747,0.6602,7.4073,-29.1383,-15.6011,-15.6011,61.1344,1.1486,1.4657,-0.6333,0.8544,0.0920,-3.4222,18.6185,0.2070,0.1779,0.4695,-3.4222,1.1793,-0.1233,0.0000,0.0545,18.6185,1.6052,0.4427,3.5433,0.0316,-5.5305,4.2441,0.4284,-53.0223
Solana SOL,$226.04,'+3.15%,$122.8b,n/a,$11.0b,$6.5b,'+1.44%,$92.3m,'+0.83%,$53.6m,53.46%,0.591,0.053,0.090,'+0.0044%,'+0.0043%,'+0.0008%,0.00%,$12.3m,$10.4m,$1.9m,0.0011,0.0019,24,2.79,73.63%,26.37%,2.82,73.81%,26.19%,'+0.87,'+0.94,'+0.85,'+0.98,,,,6.0915,-0.5084,179.0571,59.7881,1.7492,0.0000,19.0753,0.7865,101.8453,1.1069,0.3636,-12.2906,-12.7067,324.2325,0.0041,-0.6759,1.0443,0.9201,179.0571,53.1319,-1.0200,-126.4811,-3.3483,6.1442,6.1442,206.9467,1.0443,1.5902,1.0463,25.9468,2.1198,n/a,-2.1139,0.5689,0.7012,-0.6759,n/a,0.1948,-0.4049,-17.7688,0.2951,-2.1139,1.1585,-0.8131,2.6784,0.0443,-6.6759,-2.7184,0.4902,38.7644
Dash DASH,$36.81,'+39.73%,$453.3m,n/a,$371.6m,$22.7m,'+91.02%,$10.8m,'+22.36%,$4.2m,0.19%,0.061,0.050,0.820,'+0.0078%,-0.01%,'+0.0044%,-0.02%,$1.8m,$1.1m,$681.0k,0.0048,0.0789,4,1.32,56.91%,43.09%,1.65,62.20%,37.80%,'+0.55,'+0.89,'+0.55,'+0.87,,,,5.4021,-0.2605,172.3165,-100.0000,31.2238,-0.0001,-0.0001,72.2615,1.0343k,4.0763,-4.1808,-31.9532,-108.4293,-10.3417,0.0057,3.4996,0.9842,2.1229,172.3165,265.5201,3.6488,-5.2914,163.8309,75.8509,75.8509,69.7182,0.9842,1.0471,-7.7142,-148.3623,3.3497,-101.6651,-8.8012,8.8571,-0.0852,3.4996,-101.6651,2.6811,0.3980,-28.8371,0.3140,-8.8012,6.0277,-14.2638,64.6225,0.2551,-14.5004,102.2131,0.5091,-41.2399
Cronos CRO,$0.22,'+8.93%,$7.6b,n/a,$54.6m,$31.6m,'+4.96%,$1.5m,-7.02%,$-2.4m,0.26%,0.579,0.004,0.007,'+0.0101%,'+0.0195%,'+0.0079%,'+0.0103%,$105.3k,$63.2k,$42.1k,0.0019,0.0033,7,2.94,74.64%,25.36%,2.36,70.28%,29.72%,'+0.07,'+0.80,'+0.63,'+0.78,,,,3.7647,-0.2076,170.7979,402.0688,4.7120,-0.0002,13.6365,-4.7186,n/a,1.5345,0.7463,-6.2133,-0.7318,-194.9992,0.0142,-1.6707,1.0825,2.6484,170.7979,n/a,-1.1249,23.4738,21.7726,6.3403,6.3403,-32.6988,1.0825,0.6520,2.4335,-42.8791,1.0838,-34.6330,-1.2852,1.6347,0.1800,-1.6707,-34.6330,-2.7054,-0.0256,22.4394,0.1544,-1.2852,4.1691,-2.2526,7.5385,0.1363,-7.6707,-2.1590,0.4461,-17.8589
Polkadot DOT,$4.27,'+5.48%,$6.5b,$6.5b,$292.1m,$293.7m,'+6.98%,$19.2m,'+1.14%,$3.3m,2.41%,1.006,0.045,0.045,'+0.0090%,'+0.0118%,'+0.0052%,'+0.0101%,$529.6k,$511.3k,$18.3k,0.0018,0.0018,19,5.29,84.10%,15.90%,5.38,84.32%,15.68%,'+0.83,'+0.86,'+0.76,'+0.89,,,,7.9488,-1.3375,165.3398,-99.4880,3.0687,0.0003,59.1273,103.1062,-75.7628,0.3882,-0.0528,3.9604,-99.1969,22.9621,0.0085,-0.1588,0.9303,1.4586,165.3398,290.4885,-0.2418,16.2772,11.0110,7.8433,7.8433,-93.0947,0.9303,1.6062,0.1076,226.3652,1.5141,147.2546,0.7195,0.5896,0.2015,-0.1588,147.2546,0.3691,-0.1520,4.5452,0.0494,0.7195,1.1640,-0.1614,5.7514,0.0515,-6.1588,4.0804,0.5227,39.9384
Aptos APT,$5.02,'+9.75%,$3.6b,n/a,$354.0m,$276.0m,'+13.96%,$33.8m,'+3.31%,$8.8m,2.26%,0.780,0.078,0.099,'+0.0066%,'+0.0069%,'+0.0068%,'+0.0096%,$648.4k,$567.0k,$81.5k,0.0018,0.0023,14,5.49,84.58%,15.42%,5.97,85.64%,14.36%,'+0.88,'+0.94,'+0.79,'+0.94,,,,3.9894,-0.7040,164.8947,107.6923,6.1759,0.0000,11.3709,28.7678,192.4900,-12.3532,0.7541,-13.8022,-41.8118,-39.6403,0.0072,-0.4144,1.0257,2.1483,164.8947,81.1991,-0.4196,-5.6027,32.7027,17.3352,17.3352,300.9572,1.0257,1.0139,1.1727,n/a,1.3507,n/a,-6.5208,1.2992,-1.3518,-0.4144,n/a,0.3584,0.5846,14.8669,-0.7717,-6.5208,2.3604,-0.9894,12.2347,0.0951,-6.4144,2.2461,0.5269,23.0035
TAC TAC,$0.01,'+0.51%,$14.0m,n/a,$1.4m,$2.3m,'+4.77%,$103.2k,-1.51%,$-34.7k,0.02%,1.594,0.162,0.102,'+0.0075%,'+0.0075%,'+0.0070%,'+0.0070%,$3.0k,$n/a,$3.0k,0.0021,0.0013,3,2.62,72.35%,27.65%,2.48,71.30%,28.71%,'+0.29,-0.74,'+0.72,-0.68,,,,3.4241,-4.1371,163.0981,-100.0000,0.5849,0.0072,99.9729,120.0855,-5.9417,-20.9553,2.0024,22.1067,-95.9576,6.2123k,0.0075,-1.8604,0.7626,1.1604,163.0981,147.6989,-3.1495,-565.8511,-10.1137,-17.5874,-17.5874,-34.6228,0.7626,1.8190,3.8816,78.6529,1.5232,47.6170,6.0084,0.3293,-1.6475,-1.8604,47.6170,-0.9757,0.6355,0.0000,-1.0186,6.0084,5.0030,-5.9456,2.4737,0.0407,10.1396,8.7116,0.5954,-61.0687
Radiant Capital RDNT,$0.02,'+4.24%,$26.9m,n/a,$2.0m,$4.1m,'+5.09%,$199.2k,-0.83%,$-34.6k,0.03%,2.098,0.153,0.073,'+0.0100%,'+0.0100%,'+0.0100%,'+0.0100%,$675.60,$675.60,$n/a,0.0003,0.0002,5,2.13,68.02%,31.98%,2.07,67.40%,32.60%,'+0.65,'+0.66,'+0.90,'+0.79,,,,3.0364,-2.0926,161.7939,-100.0000,-0.4591,0.0117,94.0527,137.3972,-93.7785,0.3824,0.7896,38.1950,-98.4046,1.4686k,0.0067,-0.8164,0.7720,0.9493,161.7939,136.1576,-1.3770,33.9482,30.9300,8.9435,8.9435,-96.9721,0.7720,1.8111,1.6141,-8.6307,1.0544,-9.3076,11.8202,0.3360,0.1795,-0.8164,-9.3076,-0.5913,-0.1154,0.0000,0.0640,11.8202,2.5312,-1.4527,5.2385,0.0552,-6.8164,-0.7641,0.5566,-74.3466
Chain XCN,$0.01,'+12.51%,$425.8m,n/a,$23.8m,$4.9m,'+25.59%,$989.4k,-1.09%,$-53.5k,0.04%,0.204,0.011,0.056,-0.05%,-0.05%,'+0.0051%,'+0.0023%,$24.1k,$14.2k,$9.9k,0.0010,0.0050,4,1.78,64.02%,35.99%,1.76,63.79%,36.22%,'+0.76,'+0.64,'+0.70,'+0.67,,,,0.9471,0.2800,158.2772,-0.4228,4.9633,-0.0012,95.9837,-20.2315,262.6606,-14.1335,1.6433,2.4285,24.3085,328.8379,-0.0794,-0.5224,1.0399,0.8982,158.2772,128.0115,-0.4424,-81.6846,14.9111,13.7621,13.7621,108.3820,1.0399,0.8341,2.1708,-1.9538,1.8033,23.3026,1.7835,1.4064,1.2235,-0.5224,23.3026,-0.5111,-0.7126,1.1051,0.5072,1.7835,9.0161,-3.2398,13.1143,0.1018,8.4776,14.5227,0.5009,345.1049
Impossible Cloud Network ICNT,$0.26,-0.90%,$42.4m,n/a,$13.1m,$2.6m,'+8.99%,$213.3k,'+13.67%,$311.0k,0.02%,0.197,0.061,0.309,'+0.0075%,'+0.0075%,'+0.0071%,'+0.0071%,$33.7k,$16.0k,$17.7k,0.0026,0.0130,5,1.46,59.34%,40.66%,1.35,57.49%,42.51%,'+0.22,'+0.88,'+0.60,'+0.86,,,,14.4985,-0.6865,154.6776,-100.0000,0.0467,0.0049,99.2524,131.2449,-90.3618,0.0496,-4.6290,26.4354,-109.6191,311.2682,0.0075,18.1578,0.9436,0.7807,154.6776,n/a,82.2353,24.7684,15.2529,23.7102,23.7102,-84.1622,0.9436,6.9988,-22.9673,0.7878,1.2719,23.3178,5.9739,1.1203,2.9810,18.1578,23.3178,17.6055,-2.9540,0.0000,0.0262,5.9739,5.6244,-4.9739,10.6347,0.1328,0.1578,-27.2882,0.5246,-59.3946
SQD SQD,$0.16,-26.40%,$133.7m,n/a,$263.0m,$11.8m,-50.02%,$-11.9m,-13.46%,$-1.8m,0.10%,0.045,0.089,1.967,0.00%,'+0.0025%,0.00%,'+0.0013%,$975.8k,$433.8k,$542.1k,0.0037,0.0824,4,1.10,52.34%,47.67%,0.61,38.02%,61.98%,-0.03,'+0.36,-0.41,'+0.35,,,,5.1745,-0.8818,154.3981,-30.6011,-26.9258,-0.0016,3.7528,11.6769,-14.9119,-11.4225,2.4419,-5.6776,-14.8706,37.1433,0.0068,-4.4669,1.0347,0.5303,154.3981,257.2287,-2.3184,-11.5119,535.3476,126.2279,126.2279,-78.5136,1.0347,0.4952,6.9509,3.6363,0.1953,n/a,-0.6297,0.6114,-1.5342,-4.4669,n/a,-6.6805,1.1224,-131.7877,-0.4165,-0.6297,0.2068,-10.6372,-45.9846,0.2784,7.5331,17.9376,0.5418,-22.4899
Virtuals Protocol VIRTUAL,$1.12,'+4.95%,$738.7m,$1.1b,$97.7m,$65.0m,'+10.16%,$6.0m,'+2.68%,$1.7m,0.53%,0.665,0.088,0.132,'+0.0047%,'+0.0055%,'+0.0078%,'+0.0079%,$59.6k,$35.8k,$23.8k,0.0006,0.0009,10,1.99,66.57%,33.43%,1.94,65.93%,34.07%,'+0.66,'+0.69,'+0.85,'+0.75,,,,6.3644,-0.7338,150.0890,200.2990,7.2820,0.0007,85.8284,38.7690,-39.6714,1.0376,0.6963,18.0822,-19.9806,488.0786,0.0036,-0.9803,1.0162,1.6734,150.0890,82.1342,-1.9966,47.9497,3.9321,4.4422,4.4422,-74.5243,1.0162,2.2721,1.6866,22.1848,1.7225,13.0579,4.9445,0.6606,0.7960,-0.9803,13.0579,0.6204,-0.4691,0.6754,0.3254,4.9445,1.4978,-1.4791,9.9303,0.0570,-6.9803,3.2749,0.5217,38.8235
Mind Network FHE,$0.05,'+1.64%,$12.2m,n/a,$2.5m,$4.3m,-1.28%,$-56.3k,-1.26%,$-55.4k,0.04%,1.705,0.356,0.209,'+0.0232%,'+0.0184%,'+0.0272%,'+0.0157%,$144.30,$138.10,$6.20,0.0001,0.0000,4,2.22,68.91%,31.10%,2.20,68.72%,31.28%,'+0.58,'+0.19,'+0.85,'+0.25,,,,5.0275,-1.9117,149.8810,537.0587,-3.2529,-0.0053,69.3430,27.9101,-4.2412,-81.0071,0.9822,12.8131,-14.1012,1.6970k,0.0176,-1.3597,1.2577,0.9976,149.8810,3.4496k,-1.6338,-89.3190,-6.6610,-3.4517,-3.4517,-90.4242,1.2577,1.2264,2.3555,-2.7694,2.4048,-14.0340,1.1598,0.2723,-1.4880,-1.3597,-14.0340,-0.7882,0.8017,-29.7510,-0.6918,1.1598,1.5249,-2.3515,-2.0344,0.0311,-7.3597,-1.3957,0.5176,423.8965
Floki Inu FLOKI,$0.00,'+0.30%,$817.9m,n/a,$8.4m,$3.9m,-1.71%,$-67.7k,'+0.46%,$18.0k,0.03%,0.465,0.005,0.010,'+0.0056%,'+0.0022%,'+0.0089%,0.00%,$9.4k,$748.30,$8.7k,0.0011,0.0024,6,n/a,n/a%,n/a%,n/a,n/a%,n/a%,'+0.57,'+0.64,'+0.92,'+0.72,,,,0.4307,-1.0553,149.2114,118.2903,0.8609,0.0006,96.2398,23.0368,-4.1976,-0.2355,0.7176,4.4058,-17.9117,3.8843k,0.0080,-0.1719,0.9984,1.0340,149.2114,264.9453,-0.2676,-10.2971,-7.5600,-0.3652,-0.3652,-24.1736,0.9984,1.6480,0.8912,-4.3266,3.0791,-4.9657,8.9112,0.5269,0.9878,-0.1719,-4.9657,0.3636,-1.0759,-99.8382,-0.0872,8.9112,1.8053,-0.6893,5.4696,0.0219,-6.1719,-4.8194,0.4943,20.2835
Altlayer ALT,$0.03,'+2.84%,$127.4m,n/a,$10.9m,$10.0m,-0.99%,$-99.6k,-0.10%,$-10.4k,0.08%,0.917,0.078,0.085,-0.01%,-0.01%,'+0.0094%,'+0.0098%,$12.0k,$2.8k,$9.2k,0.0011,0.0012,7,2.04,67.09%,32.91%,2.02,66.91%,33.09%,'+0.50,-0.01,'+0.88,'+0.16,,,,2.6992,0.7612,149.1894,398.7016,-1.3915,-0.0020,24.4294,-23.4944,-65.4157,0.6444,0.7684,-14.9815,9.2859,57.7416,-0.0054,-0.4653,1.0348,0.7989,149.1894,n/a,-0.4135,-28.0566,-9.9646,-0.6624,-0.6624,-90.4003,1.0348,0.8789,1.2384,-2.6438,1.4904,1.6840,-3.1335,0.6115,0.1938,-0.4653,1.6840,-0.0422,-0.3292,-16.3778,-0.1349,-3.1335,1.2843,-1.0630,-1.6444,0.0360,-6.4653,-8.7847,0.4613,-20.8597
ConstitutionDAO PEOPLE,$0.02,'+4.25%,$90.3m,n/a,$24.6m,$20.4m,'+3.51%,$692.0k,'+0.01%,$1.8k,0.17%,0.829,0.226,0.273,'+0.0081%,'+0.0064%,'+0.0093%,'+0.0100%,$25.6k,$11.5k,$14.1k,0.0010,0.0013,9,2.25,69.19%,30.81%,2.56,71.94%,28.06%,'+0.61,'+0.76,'+0.93,'+0.83,,,,15.7704,-1.5723,147.4752,-86.1988,-1.1539,-0.0010,36.9868,67.4328,-89.1716,-0.8618,0.5388,-10.3063,-77.1925,847.8167,0.0067,-0.7796,0.9970,0.9825,147.4752,119.2119,-1.2718,-232.8034,4.2273,5.6398,5.6398,-86.3817,0.9970,1.7413,1.3262,-15.4737,1.2423,-16.5469,-1.1271,0.3617,-0.1539,-0.7796,-16.5469,-0.4007,0.0532,-19.2398,-0.1008,-1.1271,0.7377,-1.0783,1.3707,0.0388,-6.7796,-4.2284,0.5199,-21.1295